Order_ID;Order_Date;Customer_ID;Customer_Name;City;Category;Product;Quantity;Sales;Cost;Profit;Payment_Method;Profit_cek;Check
ORD0312;2026-01-01 00:00:00;C191;Budi;Kulon Progo;Electronics;Keyboard;4;540000;396500;143500;E-Wallet;143500;OK
ORD0363;2026-01-01 00:00:00;C126;Gita;Yogyakarta;Office Supplies;Pen;1;8000;6900;1100;E-Wallet;1100;OK
ORD0175;2026-01-01 00:00:00;C059;Fajar;Yogyakarta;Accessories;Flash Drive;1;85000;74000;11000;E-Wallet;11000;OK
ORD0912;2026-01-01 00:00:00;C029;Eka;Gunungkidul;Furniture;Desk;1;950000;696200;253800;E-Wallet;253800;OK
ORD0196;2026-01-02 00:00:00;C085;Gita;Yogyakarta;Furniture;Bookshelf;1;665000;525700;139300;Transfer;139300;OK
ORD0734;2026-01-02 00:00:00;C180;Eka;Bantul;Electronics;Mouse;1;90000;70000;20000;Transfer;20000;OK
ORD0375;2026-01-02 00:00:00;C166;Joko;Yogyakarta;Office Supplies;Notebook;1;25000;19800;5200;Cash;5200;OK
ORD0006;2026-01-02 00:00:00;C004;Joko;Sleman;Electronics;Mouse;4;360000;273900;86100;E-Wallet;86100;OK
ORD0625;2026-01-02 00:00:00;C084;Andi;Yogyakarta;Accessories;Power Bank;1;250000;200300;49700;Transfer;49700;OK
ORD0671;2026-01-02 00:00:00;C066;Vina;Yogyakarta;Office Supplies;Marker;1;12000;9200;2800;E-Wallet;2800;OK
ORD0288;2026-01-02 00:00:00;C194;Intan;Bantul;Accessories;Phone Stand;1;65000;48400;16600;Debit Card;16600;OK
ORD0531;2026-01-02 00:00:00;C182;Lina;Bantul;Electronics;Keyboard;1;142500;116400;26100;E-Wallet;26100;OK
ORD0904;2026-01-02 00:00:00;C171;Hadi;Sleman;Office Supplies;Pen;2;16000;11500;4500;Transfer;4500;OK
ORD0983;2026-01-02 00:00:00;C078;Budi;Bantul;Accessories;Phone Stand;2;130000;96700;33300;Transfer;33300;OK
ORD0341;2026-01-03 00:00:00;C172;Hadi;Yogyakarta;Accessories;Phone Stand;3;195000;165300;29700;Debit Card;29700;OK
ORD0131;2026-01-03 00:00:00;C068;Sari;Sleman;Office Supplies;Pen;1;7600;6400;1200;Debit Card;1200;OK
ORD0356;2026-01-04 00:00:00;C181;Raka;Yogyakarta;Electronics;Mouse;2;171000;139600;31400;E-Wallet;31400;OK
ORD0967;2026-01-04 00:00:00;C166;Fajar;Sleman;Office Supplies;Stapler;2;57000;46200;10800;Debit Card;10800;OK
ORD0435;2026-01-04 00:00:00;C127;Fajar;Yogyakarta;Office Supplies;Notebook;1;21200;18000;3200;Cash;3200;OK
ORD0525;2026-01-04 00:00:00;C189;Sari;Sleman;Office Supplies;Notebook;1;23800;20000;3800;Transfer;3800;OK
ORD0082;2026-01-04 00:00:00;C131;Intan;Gunungkidul;Furniture;Lamp;1;180000;150400;29600;Transfer;29600;OK
ORD0886;2026-01-04 00:00:00;C043;Sari;Sleman;Furniture;Drawer;3;1402500;1017300;385200;E-Wallet;385200;OK
ORD0112;2026-01-05 00:00:00;C053;Intan;Yogyakarta;Furniture;Lamp;1;171000;142200;28800;E-Wallet;28800;OK
ORD0171;2026-01-05 00:00:00;C184;Hadi;Yogyakarta;Electronics;Webcam;1;297500;248000;49500;E-Wallet;49500;OK
ORD0199;2026-01-05 00:00:00;C200;Hadi;Yogyakarta;Office Supplies;Notebook;2;50000;36500;13500;Transfer;13500;OK
ORD0945;2026-01-05 00:00:00;C104;Nanda;Kulon Progo;Accessories;Power Bank;3;750000;564000;186000;E-Wallet;186000;OK
ORD0942;2026-01-05 00:00:00;C131;Hadi;Yogyakarta;Accessories;Flash Drive;2;153000;120200;32800;E-Wallet;32800;OK
ORD0931;2026-01-05 00:00:00;C177;Sari;Bantul;Accessories;Power Bank;2;500000;355000;145000;E-Wallet;145000;OK
ORD0244;2026-01-05 00:00:00;C126;Dewi;Bantul;Accessories;Power Bank;1;225000;179400;45600;Debit Card;45600;OK
ORD0405;2026-01-06 00:00:00;C036;Hadi;Sleman;Electronics;Keyboard;1;150000;130900;19100;Debit Card;19100;OK
ORD0135;2026-01-06 00:00:00;C177;Oki;Kulon Progo;Electronics;Webcam;1;350000;258900;91100;Transfer;91100;OK
ORD0768;2026-01-06 00:00:00;C123;Hadi;Yogyakarta;Furniture;Office Chair;1;1080000;940500;139500;E-Wallet;139500;OK
ORD0597;2026-01-06 00:00:00;C090;Gita;Sleman;Accessories;Power Bank;1;250000;205900;44100;Transfer;44100;OK
ORD0993;2026-01-06 00:00:00;C052;Citra;Yogyakarta;Electronics;Mouse;3;243000;194400;48600;Transfer;48600;OK
ORD0190;2026-01-07 00:00:00;C039;Joko;Bantul;Office Supplies;Notebook;5;112500;88400;24100;Transfer;24100;OK
ORD0979;2026-01-07 00:00:00;C041;Intan;Yogyakarta;Electronics;Headset;1;180000;157200;22800;Debit Card;22800;OK
ORD0029;2026-01-08 00:00:00;C021;Budi;Bantul;Furniture;Lamp;1;153000;123800;29200;Transfer;29200;OK
ORD0980;2026-01-08 00:00:00;C013;Joko;Yogyakarta;Accessories;Backpack;1;280000;211700;68300;Debit Card;68300;OK
ORD0153;2026-01-08 00:00:00;C050;Nanda;Kulon Progo;Office Supplies;Stapler;1;30000;25900;4100;Debit Card;4100;OK
ORD0345;2026-01-08 00:00:00;C094;Dewi;Kulon Progo;Office Supplies;Stapler;5;142500;121300;21200;Transfer;21200;OK
ORD0178;2026-01-08 00:00:00;C005;Fajar;Yogyakarta;Furniture;Desk;2;1615000;1393900;221100;Cash;221100;OK
ORD0685;2026-01-09 00:00:00;C189;Fajar;Sleman;Electronics;Headset;1;171000;125100;45900;Cash;45900;OK
ORD0828;2026-01-09 00:00:00;C051;Raka;Yogyakarta;Accessories;Flash Drive;1;85000;60800;24200;Transfer;24200;OK
ORD0138;2026-01-09 00:00:00;C139;Eka;Yogyakarta;Electronics;Headset;3;459000;332700;126300;E-Wallet;126300;OK
ORD0649;2026-01-09 00:00:00;C189;Vina;Yogyakarta;Accessories;Backpack;1;280000;244400;35600;Cash;35600;OK
ORD0273;2026-01-09 00:00:00;C089;Vina;Yogyakarta;Furniture;Bookshelf;1;700000;582800;117200;Debit Card;117200;OK
ORD0283;2026-01-09 00:00:00;C041;Raka;Kulon Progo;Office Supplies;Pen;1;8000;7000;1000;Debit Card;1000;OK
ORD0263;2026-01-09 00:00:00;C134;Sari;Kulon Progo;Electronics;Keyboard;3;450000;365300;84700;Debit Card;84700;OK
ORD0946;2026-01-09 00:00:00;C060;Nanda;Yogyakarta;Electronics;Keyboard;2;285000;223200;61800;E-Wallet;61800;OK
ORD0361;2026-01-09 00:00:00;C017;Joko;Yogyakarta;Office Supplies;Stapler;2;60000;44400;15600;Transfer;15600;OK
ORD0890;2026-01-09 00:00:00;C129;Fajar;Yogyakarta;Furniture;Lamp;5;765000;545800;219200;Transfer;219200;OK
ORD0208;2026-01-10 00:00:00;C164;Andi;Kulon Progo;Electronics;Keyboard;1;150000;106200;43800;Transfer;43800;OK
ORD0975;2026-01-10 00:00:00;C177;Intan;Bantul;Office Supplies;Notebook;5;112500;98000;14500;E-Wallet;14500;OK
ORD0094;2026-01-10 00:00:00;C097;Joko;Sleman;Furniture;Lamp;2;360000;279900;80100;E-Wallet;80100;OK
ORD0999;2026-01-10 00:00:00;C133;Raka;Sleman;Office Supplies;Pen;3;24000;19400;4600;E-Wallet;4600;OK
ORD0484;2026-01-10 00:00:00;C085;Kiki;Yogyakarta;Accessories;Power Bank;1;250000;204900;45100;Debit Card;45100;OK
ORD0832;2026-01-10 00:00:00;C077;Andi;Yogyakarta;Accessories;Flash Drive;3;242200;195200;47000;E-Wallet;47000;OK
ORD0284;2026-01-11 00:00:00;C077;Kiki;Yogyakarta;Office Supplies;Stapler;3;85500;74800;10700;Cash;10700;OK
ORD0716;2026-01-11 00:00:00;C085;Sari;Bantul;Accessories;Phone Stand;1;65000;46800;18200;Transfer;18200;OK
ORD0257;2026-01-11 00:00:00;C008;Joko;Yogyakarta;Office Supplies;Pen;1;8000;6400;1600;E-Wallet;1600;OK
ORD0064;2026-01-11 00:00:00;C161;Raka;Sleman;Office Supplies;Pen;3;24000;16900;7100;Transfer;7100;OK
ORD0517;2026-01-11 00:00:00;C019;Kiki;Yogyakarta;Office Supplies;Pen;1;8000;6600;1400;Transfer;1400;OK
ORD0432;2026-01-11 00:00:00;C108;Gita;Kulon Progo;Accessories;Power Bank;3;675000;583700;91300;E-Wallet;91300;OK
ORD0210;2026-01-12 00:00:00;C031;Maya;Gunungkidul;Office Supplies;Pen;2;16000;13800;2200;Transfer;2200;OK
ORD0727;2026-01-12 00:00:00;C037;Budi;Yogyakarta;Accessories;Backpack;3;798000;614000;184000;E-Wallet;184000;OK
ORD0539;2026-01-12 00:00:00;C112;Nanda;Gunungkidul;Accessories;Flash Drive;3;255000;220900;34100;Transfer;34100;OK
ORD0206;2026-01-12 00:00:00;C166;Joko;Gunungkidul;Accessories;USB Cable;2;85500;69200;16300;Debit Card;16300;OK
ORD0499;2026-01-12 00:00:00;C182;Raka;Yogyakarta;Electronics;Mouse;1;90000;63600;26400;Transfer;26400;OK
ORD0315;2026-01-13 00:00:00;C039;Budi;Bantul;Accessories;USB Cable;2;90000;78000;12000;Transfer;12000;OK
ORD0326;2026-01-13 00:00:00;C100;Maya;Sleman;Furniture;Desk;1;950000;827000;123000;Debit Card;123000;OK
ORD0610;2026-01-13 00:00:00;C026;Budi;Bantul;Office Supplies;Pen;1;7200;5700;1500;Transfer;1500;OK
ORD0879;2026-01-13 00:00:00;C019;Tono;Kulon Progo;Office Supplies;Marker;1;11400;9500;1900;Debit Card;1900;OK
ORD0144;2026-01-13 00:00:00;C017;Raka;Bantul;Office Supplies;Stapler;2;60000;50700;9300;E-Wallet;9300;OK
ORD0472;2026-01-13 00:00:00;C119;Lina;Yogyakarta;Office Supplies;Marker;2;24000;17100;6900;Transfer;6900;OK
ORD0620;2026-01-14 00:00:00;C086;Sari;Gunungkidul;Furniture;Office Chair;3;3600000;3112900;487100;Transfer;487100;OK
ORD0864;2026-01-14 00:00:00;C069;Hadi;Yogyakarta;Accessories;Phone Stand;1;61800;45700;16100;Transfer;16100;OK
ORD0603;2026-01-14 00:00:00;C082;Dewi;Kulon Progo;Accessories;Backpack;1;266000;224400;41600;Transfer;41600;OK
ORD0544;2026-01-14 00:00:00;C193;Lina;Kulon Progo;Office Supplies;Marker;3;36000;27200;8800;Transfer;8800;OK
ORD0007;2026-01-14 00:00:00;C200;Oki;Bantul;Accessories;Flash Drive;3;229500;165000;64500;Transfer;64500;OK
ORD0215;2026-01-14 00:00:00;C183;Eka;Yogyakarta;Office Supplies;Pen;2;16000;12600;3400;Transfer;3400;OK
ORD0741;2026-01-14 00:00:00;C153;Andi;Sleman;Furniture;Drawer;1;550000;439100;110900;E-Wallet;110900;OK
ORD0616;2026-01-14 00:00:00;C108;Fajar;Bantul;Accessories;Backpack;4;1064000;877700;186300;E-Wallet;186300;OK
ORD0687;2026-01-15 00:00:00;C144;Andi;Bantul;Office Supplies;Marker;1;12000;9800;2200;Transfer;2200;OK
ORD0003;2026-01-15 00:00:00;C190;Oki;Sleman;Office Supplies;Pen;1;7600;6500;1100;E-Wallet;1100;OK
ORD0095;2026-01-15 00:00:00;C157;Eka;Kulon Progo;Office Supplies;Stapler;1;30000;23100;6900;E-Wallet;6900;OK
ORD0751;2026-01-15 00:00:00;C165;Eka;Yogyakarta;Accessories;Phone Stand;2;123500;106100;17400;Debit Card;17400;OK
ORD0433;2026-01-15 00:00:00;C037;Citra;Yogyakarta;Office Supplies;Pen;1;7200;6200;1000;Debit Card;1000;OK
ORD0365;2026-01-15 00:00:00;C146;Dewi;Sleman;Accessories;Backpack;2;504000;398500;105500;E-Wallet;105500;OK
ORD0130;2026-01-16 00:00:00;C121;Oki;Gunungkidul;Office Supplies;Notebook;3;75000;59500;15500;Debit Card;15500;OK
ORD0128;2026-01-16 00:00:00;C126;Lina;Sleman;Office Supplies;Stapler;3;90000;69100;20900;Transfer;20900;OK
ORD0799;2026-01-16 00:00:00;C081;Eka;Bantul;Accessories;Flash Drive;1;85000;71600;13400;Debit Card;13400;OK
ORD0496;2026-01-17 00:00:00;C046;Putri;Sleman;Office Supplies;Marker;1;12000;9800;2200;E-Wallet;2200;OK
ORD0324;2026-01-17 00:00:00;C021;Intan;Bantul;Accessories;Backpack;2;476000;353700;122300;Transfer;122300;OK
ORD0527;2026-01-17 00:00:00;C176;Nanda;Sleman;Electronics;Monitor;1;2200000;1700100;499900;Transfer;499900;OK
ORD0506;2026-01-18 00:00:00;C123;Maya;Sleman;Accessories;Phone Stand;3;185200;140300;44900;E-Wallet;44900;OK
ORD0129;2026-01-18 00:00:00;C123;Citra;Gunungkidul;Office Supplies;Pen;5;40000;33900;6100;Cash;6100;OK
ORD0350;2026-01-18 00:00:00;C181;Vina;Gunungkidul;Accessories;Phone Stand;4;247000;201500;45500;E-Wallet;45500;OK
ORD0623;2026-01-18 00:00:00;C096;Vina;Yogyakarta;Office Supplies;Stapler;2;60000;47600;12400;Debit Card;12400;OK
ORD0438;2026-01-18 00:00:00;C145;Hadi;Bantul;Furniture;Lamp;1;180000;147200;32800;Debit Card;32800;OK
ORD0618;2026-01-19 00:00:00;C074;Raka;Gunungkidul;Accessories;Backpack;2;504000;390700;113300;Transfer;113300;OK
ORD0801;2026-01-19 00:00:00;C113;Fajar;Bantul;Accessories;Phone Stand;3;195000;169400;25600;Transfer;25600;OK
ORD0303;2026-01-19 00:00:00;C028;Hadi;Yogyakarta;Accessories;USB Cable;1;45000;33200;11800;Debit Card;11800;OK
ORD0785;2026-01-19 00:00:00;C166;Hadi;Sleman;Accessories;Phone Stand;1;58500;50900;7600;Transfer;7600;OK
ORD0710;2026-01-20 00:00:00;C196;Fajar;Kulon Progo;Office Supplies;Pen;2;16000;14000;2000;Transfer;2000;OK
ORD0925;2026-01-20 00:00:00;C070;Joko;Gunungkidul;Office Supplies;Pen;1;8000;7000;1000;Transfer;1000;OK
ORD0418;2026-01-20 00:00:00;C195;Joko;Gunungkidul;Furniture;Lamp;2;360000;310600;49400;Cash;49400;OK
ORD0516;2026-01-20 00:00:00;C039;Putri;Bantul;Electronics;Headset;1;171000;133800;37200;Cash;37200;OK
ORD0305;2026-01-20 00:00:00;C070;Lina;Sleman;Electronics;Headset;3;540000;398000;142000;E-Wallet;142000;OK
ORD0835;2026-01-20 00:00:00;C037;Budi;Kulon Progo;Furniture;Drawer;3;1650000;1448200;201800;E-Wallet;201800;OK
ORD0652;2026-01-21 00:00:00;C057;Fajar;Sleman;Electronics;Mouse;2;162000;134900;27100;E-Wallet;27100;OK
ORD0004;2026-01-21 00:00:00;C132;Sari;Sleman;Office Supplies;Stapler;2;60000;46200;13800;Cash;13800;OK
ORD0268;2026-01-21 00:00:00;C142;Nanda;Yogyakarta;Office Supplies;Notebook;3;75000;61100;13900;Cash;13900;OK
ORD0278;2026-01-21 00:00:00;C157;Vina;Bantul;Accessories;USB Cable;2;81000;64800;16200;Transfer;16200;OK
ORD0220;2026-01-21 00:00:00;C008;Budi;Kulon Progo;Furniture;Lamp;3;540000;387500;152500;Debit Card;152500;OK
ORD0651;2026-01-21 00:00:00;C056;Putri;Gunungkidul;Furniture;Lamp;2;324000;239300;84700;Cash;84700;OK
ORD0187;2026-01-21 00:00:00;C047;Putri;Yogyakarta;Office Supplies;Stapler;2;57000;44800;12200;E-Wallet;12200;OK
ORD0986;2026-01-21 00:00:00;C088;Sari;Yogyakarta;Office Supplies;Stapler;3;90000;68800;21200;Debit Card;21200;OK
ORD0162;2026-01-22 00:00:00;C127;Citra;Sleman;Office Supplies;Pen;2;15200;11700;3500;Transfer;3500;OK
ORD0494;2026-01-22 00:00:00;C034;Lina;Bantul;Electronics;Headset;1;171000;134000;37000;E-Wallet;37000;OK
ORD0501;2026-01-22 00:00:00;C107;Sari;Yogyakarta;Office Supplies;Notebook;2;47500;39700;7800;E-Wallet;7800;OK
ORD0114;2026-01-22 00:00:00;C154;Dewi;Kulon Progo;Furniture;Lamp;2;342000;285100;56900;Transfer;56900;OK
ORD0150;2026-01-22 00:00:00;C081;Citra;Yogyakarta;Office Supplies;Marker;1;12000;9100;2900;Cash;2900;OK
ORD0854;2026-01-23 00:00:00;C045;Andi;Kulon Progo;Office Supplies;Notebook;4;95000;78500;16500;Transfer;16500;OK
ORD0611;2026-01-23 00:00:00;C124;Putri;Sleman;Office Supplies;Pen;1;8000;6500;1500;Debit Card;1500;OK
ORD0884;2026-01-23 00:00:00;C006;Hadi;Yogyakarta;Furniture;Office Chair;1;1200000;973200;226800;E-Wallet;226800;OK
ORD0867;2026-01-23 00:00:00;C093;Joko;Bantul;Furniture;Lamp;4;720000;631900;88100;E-Wallet;88100;OK
ORD0415;2026-01-23 00:00:00;C101;Vina;Gunungkidul;Accessories;Power Bank;1;237500;173900;63600;Debit Card;63600;OK
ORD0908;2026-01-23 00:00:00;C059;Eka;Sleman;Office Supplies;Marker;1;12000;9100;2900;Transfer;2900;OK
ORD0591;2026-01-23 00:00:00;C108;Gita;Gunungkidul;Accessories;USB Cable;4;162000;118700;43300;E-Wallet;43300;OK
ORD0888;2026-01-24 00:00:00;C091;Fajar;Yogyakarta;Accessories;Flash Drive;3;255000;196900;58100;Transfer;58100;OK
ORD0197;2026-01-24 00:00:00;C068;Tono;Yogyakarta;Office Supplies;Pen;1;7600;6700;900;Debit Card;900;OK
ORD0044;2026-01-24 00:00:00;C128;Budi;Gunungkidul;Office Supplies;Stapler;3;85500;72700;12800;Transfer;12800;OK
ORD0818;2026-01-24 00:00:00;C080;Budi;Sleman;Furniture;Lamp;1;180000;130600;49400;E-Wallet;49400;OK
ORD0540;2026-01-25 00:00:00;C043;Maya;Yogyakarta;Electronics;Webcam;1;332500;249000;83500;Transfer;83500;OK
ORD0152;2026-01-25 00:00:00;C015;Sari;Bantul;Office Supplies;Notebook;2;47500;40100;7400;Transfer;7400;OK
ORD0500;2026-01-25 00:00:00;C188;Joko;Yogyakarta;Office Supplies;Marker;2;24000;19900;4100;Cash;4100;OK
ORD0638;2026-01-25 00:00:00;C164;Budi;Sleman;Furniture;Drawer;5;2612500;1961500;651000;Transfer;651000;OK
ORD0955;2026-01-25 00:00:00;C040;Oki;Bantul;Accessories;Phone Stand;2;130000;113700;16300;E-Wallet;16300;OK
ORD0684;2026-01-25 00:00:00;C195;Vina;Kulon Progo;Office Supplies;Marker;1;11400;8000;3400;E-Wallet;3400;OK
ORD0594;2026-01-26 00:00:00;C109;Dewi;Bantul;Electronics;Mouse;1;76500;54200;22300;Debit Card;22300;OK
ORD0624;2026-01-26 00:00:00;C057;Budi;Sleman;Electronics;Headset;1;162000;131500;30500;E-Wallet;30500;OK
ORD0700;2026-01-26 00:00:00;C079;Putri;Yogyakarta;Office Supplies;Stapler;1;27000;22500;4500;E-Wallet;4500;OK
ORD0459;2026-01-27 00:00:00;C163;Oki;Yogyakarta;Accessories;USB Cable;2;81000;59400;21600;E-Wallet;21600;OK
ORD0659;2026-01-27 00:00:00;C148;Lina;Yogyakarta;Office Supplies;Pen;3;24000;17700;6300;E-Wallet;6300;OK
ORD0377;2026-01-27 00:00:00;C096;Andi;Bantul;Office Supplies;Marker;1;12000;8500;3500;Transfer;3500;OK
ORD0332;2026-01-27 00:00:00;C187;Joko;Sleman;Accessories;USB Cable;3;135000;95100;39900;E-Wallet;39900;OK
ORD0367;2026-01-27 00:00:00;C013;Hadi;Sleman;Accessories;Backpack;2;560000;449500;110500;Cash;110500;OK
ORD0930;2026-01-27 00:00:00;C008;Maya;Sleman;Accessories;USB Cable;1;42800;32500;10300;E-Wallet;10300;OK
ORD0526;2026-01-27 00:00:00;C156;Sari;Sleman;Office Supplies;Notebook;3;75000;64900;10100;E-Wallet;10100;OK
ORD0635;2026-01-28 00:00:00;C110;Eka;Kulon Progo;Furniture;Drawer;1;550000;444100;105900;E-Wallet;105900;OK
ORD0051;2026-01-28 00:00:00;C083;Vina;Gunungkidul;Electronics;Mouse;4;324000;264400;59600;Transfer;59600;OK
ORD0456;2026-01-28 00:00:00;C048;Sari;Yogyakarta;Office Supplies;Pen;3;24000;20500;3500;Debit Card;3500;OK
ORD0010;2026-01-28 00:00:00;C012;Hadi;Gunungkidul;Accessories;USB Cable;2;81000;61800;19200;E-Wallet;19200;OK
ORD0521;2026-01-28 00:00:00;C097;Tono;Sleman;Furniture;Drawer;1;522500;385500;137000;Transfer;137000;OK
ORD0103;2026-01-29 00:00:00;C049;Sari;Sleman;Office Supplies;Printer Paper;1;55000;45300;9700;E-Wallet;9700;OK
ORD0510;2026-01-29 00:00:00;C173;Budi;Yogyakarta;Office Supplies;Stapler;3;76500;59500;17000;Cash;17000;OK
ORD0344;2026-01-29 00:00:00;C017;Budi;Gunungkidul;Furniture;Desk;1;950000;694200;255800;Cash;255800;OK
ORD0299;2026-01-29 00:00:00;C126;Oki;Yogyakarta;Office Supplies;Pen;1;6800;5300;1500;E-Wallet;1500;OK
ORD0657;2026-01-29 00:00:00;C152;Tono;Yogyakarta;Electronics;Headset;1;180000;156500;23500;Transfer;23500;OK
ORD0477;2026-01-30 00:00:00;C114;Sari;Kulon Progo;Electronics;Mouse;1;90000;74100;15900;Transfer;15900;OK
ORD0712;2026-01-30 00:00:00;C062;Budi;Yogyakarta;Accessories;USB Cable;2;90000;66500;23500;Transfer;23500;OK
ORD0803;2026-01-31 00:00:00;C093;Nanda;Sleman;Office Supplies;Notebook;2;50000;41700;8300;E-Wallet;8300;OK
ORD0296;2026-01-31 00:00:00;C178;Maya;Bantul;Office Supplies;Stapler;3;85500;66600;18900;Transfer;18900;OK
ORD0509;2026-01-31 00:00:00;C110;Tono;Yogyakarta;Accessories;Backpack;3;840000;739200;100800;E-Wallet;100800;OK
ORD0871;2026-01-31 00:00:00;C010;Intan;Sleman;Furniture;Desk;4;3610000;3006800;603200;Transfer;603200;OK
ORD0813;2026-01-31 00:00:00;C010;Intan;Sleman;Accessories;Phone Stand;4;260000;207400;52600;Transfer;52600;OK
ORD0474;2026-02-01 00:00:00;C058;Fajar;Kulon Progo;Office Supplies;Printer Paper;1;55000;47400;7600;Transfer;7600;OK
ORD0164;2026-02-01 00:00:00;C198;Sari;Sleman;Office Supplies;Pen;2;14400;11500;2900;Debit Card;2900;OK
ORD0701;2026-02-01 00:00:00;C188;Andi;Bantul;Office Supplies;Printer Paper;1;55000;41600;13400;E-Wallet;13400;OK
ORD0254;2026-02-01 00:00:00;C154;Vina;Yogyakarta;Office Supplies;Notebook;5;118800;93900;24900;E-Wallet;24900;OK
ORD0148;2026-02-02 00:00:00;C160;Oki;Yogyakarta;Office Supplies;Marker;2;24000;20800;3200;Debit Card;3200;OK
ORD0906;2026-02-02 00:00:00;C161;Kiki;Gunungkidul;Accessories;Flash Drive;2;161500;132700;28800;E-Wallet;28800;OK
ORD0371;2026-02-02 00:00:00;C019;Putri;Yogyakarta;Office Supplies;Pen;3;22800;19000;3800;Transfer;3800;OK
ORD0180;2026-02-02 00:00:00;C142;Putri;Bantul;Office Supplies;Printer Paper;1;49500;37400;12100;E-Wallet;12100;OK
ORD0865;2026-02-02 00:00:00;C001;Nanda;Sleman;Accessories;Phone Stand;2;130000;111600;18400;Transfer;18400;OK
ORD0251;2026-02-02 00:00:00;C028;Budi;Sleman;Electronics;Webcam;1;350000;254400;95600;Debit Card;95600;OK
ORD0770;2026-02-02 00:00:00;C017;Eka;Sleman;Office Supplies;Stapler;3;90000;78200;11800;Transfer;11800;OK
ORD0719;2026-02-02 00:00:00;C097;Tono;Sleman;Office Supplies;Stapler;1;28500;21300;7200;E-Wallet;7200;OK
ORD0759;2026-02-03 00:00:00;C024;Oki;Gunungkidul;Electronics;Monitor;1;2090000;1597400;492600;E-Wallet;492600;OK
ORD0798;2026-02-03 00:00:00;C031;Maya;Kulon Progo;Office Supplies;Notebook;4;100000;72300;27700;Debit Card;27700;OK
ORD0218;2026-02-03 00:00:00;C180;Sari;Yogyakarta;Office Supplies;Pen;1;8000;6900;1100;Debit Card;1100;OK
ORD0836;2026-02-03 00:00:00;C130;Fajar;Gunungkidul;Office Supplies;Stapler;4;114000;83700;30300;E-Wallet;30300;OK
ORD0582;2026-02-03 00:00:00;C056;Joko;Yogyakarta;Accessories;Backpack;1;280000;196300;83700;Transfer;83700;OK
ORD0725;2026-02-03 00:00:00;C120;Citra;Yogyakarta;Electronics;Webcam;1;315000;236900;78100;Debit Card;78100;OK
ORD0165;2026-02-04 00:00:00;C097;Oki;Yogyakarta;Furniture;Bookshelf;5;2975000;2269800;705200;Debit Card;705200;OK
ORD0189;2026-02-04 00:00:00;C164;Joko;Sleman;Furniture;Lamp;1;180000;132400;47600;Debit Card;47600;OK
ORD0109;2026-02-04 00:00:00;C032;Nanda;Yogyakarta;Office Supplies;Printer Paper;3;156800;117600;39200;Debit Card;39200;OK
ORD0191;2026-02-05 00:00:00;C054;Gita;Sleman;Accessories;Backpack;1;266000;221800;44200;Transfer;44200;OK
ORD0992;2026-02-05 00:00:00;C119;Andi;Bantul;Accessories;Flash Drive;1;80800;60400;20400;Debit Card;20400;OK
ORD0096;2026-02-05 00:00:00;C148;Eka;Bantul;Accessories;Backpack;2;532000;401700;130300;E-Wallet;130300;OK
ORD0973;2026-02-05 00:00:00;C155;Sari;Bantul;Accessories;Backpack;1;280000;199000;81000;Transfer;81000;OK
ORD0528;2026-02-05 00:00:00;C001;Gita;Kulon Progo;Accessories;Power Bank;1;250000;191600;58400;E-Wallet;58400;OK
ORD0944;2026-02-05 00:00:00;C169;Andi;Sleman;Accessories;Power Bank;1;225000;187600;37400;Transfer;37400;OK
ORD0505;2026-02-05 00:00:00;C127;Nanda;Gunungkidul;Office Supplies;Printer Paper;1;49500;39900;9600;Transfer;9600;OK
ORD0236;2026-02-06 00:00:00;C103;Hadi;Bantul;Office Supplies;Pen;2;14400;11100;3300;E-Wallet;3300;OK
ORD0810;2026-02-06 00:00:00;C178;Fajar;Yogyakarta;Accessories;Phone Stand;3;195000;168600;26400;Debit Card;26400;OK
ORD0031;2026-02-06 00:00:00;C046;Raka;Gunungkidul;Office Supplies;Pen;1;7200;5400;1800;Cash;1800;OK
ORD0796;2026-02-06 00:00:00;C127;Gita;Gunungkidul;Furniture;Drawer;1;550000;388400;161600;Transfer;161600;OK
ORD0166;2026-02-06 00:00:00;C126;Lina;Yogyakarta;Electronics;Webcam;4;1400000;1018700;381300;Cash;381300;OK
ORD0020;2026-02-07 00:00:00;C098;Vina;Sleman;Office Supplies;Printer Paper;1;55000;46000;9000;Transfer;9000;OK
ORD0069;2026-02-07 00:00:00;C030;Sari;Bantul;Office Supplies;Marker;2;24000;20500;3500;Transfer;3500;OK
ORD0552;2026-02-07 00:00:00;C142;Kiki;Yogyakarta;Furniture;Drawer;1;550000;455700;94300;E-Wallet;94300;OK
ORD0948;2026-02-07 00:00:00;C183;Kiki;Yogyakarta;Electronics;Webcam;1;332500;237000;95500;Transfer;95500;OK
ORD0078;2026-02-07 00:00:00;C192;Oki;Sleman;Accessories;Power Bank;2;500000;362000;138000;E-Wallet;138000;OK
ORD0622;2026-02-07 00:00:00;C120;Joko;Sleman;Office Supplies;Notebook;4;100000;78000;22000;Cash;22000;OK
ORD0289;2026-02-08 00:00:00;C198;Vina;Gunungkidul;Office Supplies;Printer Paper;2;110000;94500;15500;E-Wallet;15500;OK
ORD0409;2026-02-08 00:00:00;C099;Vina;Bantul;Accessories;USB Cable;2;85500;63700;21800;Transfer;21800;OK
ORD0989;2026-02-08 00:00:00;C004;Vina;Bantul;Office Supplies;Notebook;1;25000;19800;5200;Cash;5200;OK
ORD0360;2026-02-08 00:00:00;C016;Hadi;Yogyakarta;Furniture;Lamp;1;180000;126000;54000;E-Wallet;54000;OK
ORD0812;2026-02-08 00:00:00;C052;Dewi;Sleman;Accessories;Flash Drive;1;85000;69500;15500;Transfer;15500;OK
ORD0092;2026-02-08 00:00:00;C067;Fajar;Yogyakarta;Office Supplies;Notebook;2;50000;41900;8100;Transfer;8100;OK
ORD0627;2026-02-09 00:00:00;C147;Joko;Sleman;Accessories;Flash Drive;5;382500;295200;87300;Transfer;87300;OK
ORD0653;2026-02-09 00:00:00;C055;Maya;Yogyakarta;Office Supplies;Pen;5;40000;31000;9000;E-Wallet;9000;OK
ORD0794;2026-02-09 00:00:00;C181;Sari;Sleman;Accessories;Backpack;4;1120000;962000;158000;Transfer;158000;OK
ORD0118;2026-02-09 00:00:00;C113;Dewi;Sleman;Electronics;Mouse;2;180000;145800;34200;Debit Card;34200;OK
ORD0670;2026-02-09 00:00:00;C078;Nanda;Yogyakarta;Electronics;Mouse;1;90000;71000;19000;E-Wallet;19000;OK
ORD0376;2026-02-10 00:00:00;C147;Lina;Yogyakarta;Office Supplies;Printer Paper;1;55000;39000;16000;Transfer;16000;OK
ORD0869;2026-02-10 00:00:00;C052;Intan;Gunungkidul;Electronics;Keyboard;2;285000;234900;50100;Debit Card;50100;OK
ORD0800;2026-02-10 00:00:00;C061;Fajar;Gunungkidul;Accessories;USB Cable;1;45000;32600;12400;E-Wallet;12400;OK
ORD0922;2026-02-11 00:00:00;C073;Joko;Yogyakarta;Electronics;Keyboard;1;142500;104400;38100;E-Wallet;38100;OK
ORD0655;2026-02-11 00:00:00;C073;Vina;Gunungkidul;Office Supplies;Marker;4;45600;35400;10200;E-Wallet;10200;OK
ORD0282;2026-02-12 00:00:00;C090;Andi;Kulon Progo;Office Supplies;Stapler;1;30000;25200;4800;Transfer;4800;OK
ORD0488;2026-02-12 00:00:00;C120;Raka;Kulon Progo;Office Supplies;Notebook;2;50000;40200;9800;E-Wallet;9800;OK
ORD0515;2026-02-12 00:00:00;C200;Vina;Yogyakarta;Accessories;USB Cable;1;45000;33100;11900;Cash;11900;OK
ORD0176;2026-02-12 00:00:00;C029;Sari;Yogyakarta;Office Supplies;Stapler;1;30000;21100;8900;Debit Card;8900;OK
ORD0872;2026-02-12 00:00:00;C101;Vina;Yogyakarta;Accessories;Flash Drive;2;170000;146400;23600;Cash;23600;OK
ORD0838;2026-02-12 00:00:00;C057;Sari;Gunungkidul;Office Supplies;Notebook;1;25000;19000;6000;Debit Card;6000;OK
ORD0508;2026-02-13 00:00:00;C027;Maya;Bantul;Office Supplies;Notebook;1;25000;18300;6700;Transfer;6700;OK
ORD0256;2026-02-13 00:00:00;C006;Vina;Sleman;Accessories;USB Cable;1;45000;35800;9200;E-Wallet;9200;OK
ORD0844;2026-02-14 00:00:00;C194;Citra;Kulon Progo;Office Supplies;Pen;4;28800;24300;4500;Transfer;4500;OK
ORD0543;2026-02-14 00:00:00;C114;Lina;Sleman;Electronics;Mouse;2;180000;139400;40600;Transfer;40600;OK
ORD0666;2026-02-14 00:00:00;C044;Budi;Bantul;Accessories;Backpack;2;560000;424600;135400;Transfer;135400;OK
ORD0395;2026-02-15 00:00:00;C151;Putri;Sleman;Office Supplies;Printer Paper;1;52200;44300;7900;Transfer;7900;OK
ORD0046;2026-02-15 00:00:00;C035;Tono;Yogyakarta;Office Supplies;Marker;1;12000;10100;1900;E-Wallet;1900;OK
ORD0683;2026-02-15 00:00:00;C111;Dewi;Yogyakarta;Office Supplies;Marker;2;21600;15200;6400;Transfer;6400;OK
ORD0690;2026-02-15 00:00:00;C009;Putri;Sleman;Office Supplies;Marker;1;11400;9000;2400;E-Wallet;2400;OK
ORD0732;2026-02-15 00:00:00;C137;Eka;Kulon Progo;Office Supplies;Marker;2;24000;20200;3800;Cash;3800;OK
ORD0436;2026-02-15 00:00:00;C192;Eka;Kulon Progo;Furniture;Lamp;1;162000;122000;40000;Transfer;40000;OK
ORD0097;2026-02-15 00:00:00;C104;Maya;Bantul;Accessories;Phone Stand;2;130000;103600;26400;Transfer;26400;OK
ORD0971;2026-02-16 00:00:00;C139;Fajar;Kulon Progo;Accessories;Flash Drive;1;80800;65400;15400;Transfer;15400;OK
ORD0704;2026-02-16 00:00:00;C080;Raka;Yogyakarta;Office Supplies;Notebook;1;25000;21800;3200;Transfer;3200;OK
ORD0258;2026-02-16 00:00:00;C104;Nanda;Yogyakarta;Accessories;USB Cable;2;85500;63000;22500;Transfer;22500;OK
ORD0463;2026-02-16 00:00:00;C149;Sari;Yogyakarta;Electronics;Headset;2;324000;265100;58900;Debit Card;58900;OK
ORD0353;2026-02-16 00:00:00;C133;Hadi;Gunungkidul;Office Supplies;Stapler;2;60000;49000;11000;Transfer;11000;OK
ORD0075;2026-02-16 00:00:00;C056;Oki;Bantul;Office Supplies;Notebook;2;47500;41500;6000;Debit Card;6000;OK
ORD0885;2026-02-16 00:00:00;C013;Nanda;Gunungkidul;Office Supplies;Printer Paper;2;104500;74300;30200;E-Wallet;30200;OK
ORD0241;2026-02-16 00:00:00;C047;Fajar;Yogyakarta;Accessories;Phone Stand;2;130000;99500;30500;Debit Card;30500;OK
ORD0808;2026-02-17 00:00:00;C156;Lina;Gunungkidul;Electronics;Webcam;2;665000;527400;137600;Debit Card;137600;OK
ORD0024;2026-02-17 00:00:00;C037;Eka;Gunungkidul;Accessories;Power Bank;2;500000;418200;81800;Debit Card;81800;OK
ORD0730;2026-02-17 00:00:00;C090;Citra;Yogyakarta;Office Supplies;Pen;5;38000;28400;9600;Debit Card;9600;OK
ORD0040;2026-02-17 00:00:00;C117;Maya;Yogyakarta;Electronics;Webcam;1;350000;273400;76600;Transfer;76600;OK
ORD0422;2026-02-17 00:00:00;C110;Kiki;Sleman;Accessories;Backpack;2;560000;434500;125500;E-Wallet;125500;OK
ORD0440;2026-02-17 00:00:00;C196;Gita;Sleman;Office Supplies;Pen;2;14400;11700;2700;Transfer;2700;OK
ORD0186;2026-02-17 00:00:00;C015;Lina;Sleman;Accessories;Phone Stand;3;195000;166400;28600;E-Wallet;28600;OK
ORD0300;2026-02-18 00:00:00;C086;Maya;Sleman;Office Supplies;Notebook;1;25000;21300;3700;E-Wallet;3700;OK
ORD0990;2026-02-18 00:00:00;C087;Vina;Kulon Progo;Electronics;Webcam;4;1400000;1110800;289200;Transfer;289200;OK
ORD0740;2026-02-18 00:00:00;C090;Dewi;Sleman;Office Supplies;Marker;1;11400;8200;3200;E-Wallet;3200;OK
ORD0606;2026-02-18 00:00:00;C200;Citra;Kulon Progo;Furniture;Drawer;1;550000;412200;137800;Debit Card;137800;OK
ORD0105;2026-02-18 00:00:00;C168;Putri;Yogyakarta;Office Supplies;Pen;3;24000;19100;4900;Transfer;4900;OK
ORD0193;2026-02-18 00:00:00;C068;Eka;Yogyakarta;Office Supplies;Printer Paper;1;49500;35500;14000;E-Wallet;14000;OK
ORD0122;2026-02-18 00:00:00;C057;Joko;Yogyakarta;Electronics;Keyboard;1;150000;110200;39800;Transfer;39800;OK
ORD0995;2026-02-19 00:00:00;C182;Putri;Sleman;Accessories;Flash Drive;1;85000;65200;19800;Cash;19800;OK
ORD0837;2026-02-19 00:00:00;C008;Lina;Yogyakarta;Office Supplies;Stapler;1;25500;21100;4400;Cash;4400;OK
ORD0722;2026-02-19 00:00:00;C155;Sari;Sleman;Office Supplies;Pen;1;8000;5800;2200;Debit Card;2200;OK
ORD0147;2026-02-19 00:00:00;C029;Oki;Gunungkidul;Office Supplies;Printer Paper;1;52200;45500;6700;Transfer;6700;OK
ORD0889;2026-02-19 00:00:00;C074;Kiki;Gunungkidul;Office Supplies;Stapler;1;30000;24000;6000;E-Wallet;6000;OK
ORD0574;2026-02-19 00:00:00;C079;Hadi;Bantul;Furniture;Drawer;1;550000;449400;100600;E-Wallet;100600;OK
ORD0896;2026-02-19 00:00:00;C037;Sari;Kulon Progo;Office Supplies;Marker;1;12000;9000;3000;Cash;3000;OK
ORD0423;2026-02-19 00:00:00;C170;Raka;Bantul;Office Supplies;Marker;2;24000;19200;4800;Debit Card;4800;OK
ORD0916;2026-02-20 00:00:00;C161;Andi;Bantul;Accessories;Phone Stand;2;117000;85400;31600;Debit Card;31600;OK
ORD0830;2026-02-20 00:00:00;C101;Joko;Yogyakarta;Electronics;Headset;3;513000;436200;76800;Transfer;76800;OK
ORD1000;2026-02-20 00:00:00;C104;Dewi;Bantul;Furniture;Drawer;4;2200000;1836100;363900;Debit Card;363900;OK
ORD0099;2026-02-20 00:00:00;C041;Hadi;Bantul;Office Supplies;Marker;3;36000;31200;4800;Cash;4800;OK
ORD0265;2026-02-20 00:00:00;C185;Kiki;Sleman;Electronics;Headset;2;360000;258100;101900;Transfer;101900;OK
ORD0022;2026-02-21 00:00:00;C128;Hadi;Gunungkidul;Furniture;Bookshelf;2;1260000;1029700;230300;Transfer;230300;OK
ORD0917;2026-02-21 00:00:00;C041;Joko;Bantul;Electronics;Mouse;3;270000;218200;51800;Debit Card;51800;OK
ORD0038;2026-02-21 00:00:00;C124;Sari;Yogyakarta;Electronics;Mouse;2;180000;137700;42300;Debit Card;42300;OK
ORD0316;2026-02-22 00:00:00;C158;Raka;Kulon Progo;Furniture;Drawer;1;550000;481800;68200;Cash;68200;OK
ORD0370;2026-02-22 00:00:00;C145;Lina;Yogyakarta;Furniture;Lamp;1;180000;157800;22200;Cash;22200;OK
ORD0681;2026-02-22 00:00:00;C095;Putri;Kulon Progo;Office Supplies;Pen;3;24000;19400;4600;Transfer;4600;OK
ORD0052;2026-02-22 00:00:00;C109;Gita;Kulon Progo;Electronics;Mouse;1;85500;66700;18800;Cash;18800;OK
ORD0381;2026-02-23 00:00:00;C085;Vina;Yogyakarta;Office Supplies;Marker;5;60000;52700;7300;Cash;7300;OK
ORD0607;2026-02-23 00:00:00;C025;Raka;Sleman;Accessories;Flash Drive;2;161500;118700;42800;Transfer;42800;OK
ORD0715;2026-02-24 00:00:00;C026;Citra;Yogyakarta;Office Supplies;Notebook;2;50000;40700;9300;Transfer;9300;OK
ORD0424;2026-02-24 00:00:00;C021;Kiki;Gunungkidul;Office Supplies;Printer Paper;1;55000;41700;13300;Transfer;13300;OK
ORD0909;2026-02-24 00:00:00;C021;Andi;Sleman;Accessories;Flash Drive;1;80800;64900;15900;E-Wallet;15900;OK
ORD0110;2026-02-24 00:00:00;C074;Gita;Gunungkidul;Accessories;Power Bank;1;237500;200200;37300;E-Wallet;37300;OK
ORD0294;2026-02-25 00:00:00;C148;Oki;Kulon Progo;Office Supplies;Notebook;1;25000;21400;3600;E-Wallet;3600;OK
ORD0570;2026-02-25 00:00:00;C123;Citra;Bantul;Accessories;Phone Stand;1;61800;46100;15700;Transfer;15700;OK
ORD0959;2026-02-25 00:00:00;C097;Budi;Sleman;Furniture;Lamp;1;171000;135700;35300;Transfer;35300;OK
ORD0549;2026-02-26 00:00:00;C172;Maya;Yogyakarta;Office Supplies;Notebook;2;47500;40400;7100;E-Wallet;7100;OK
ORD0357;2026-02-26 00:00:00;C101;Fajar;Sleman;Office Supplies;Pen;1;8000;5900;2100;Debit Card;2100;OK
ORD0100;2026-02-26 00:00:00;C168;Tono;Yogyakarta;Office Supplies;Pen;1;6800;5000;1800;Transfer;1800;OK
ORD0601;2026-02-26 00:00:00;C068;Intan;Yogyakarta;Furniture;Desk;2;1900000;1486000;414000;Cash;414000;OK
ORD0957;2026-02-26 00:00:00;C144;Andi;Yogyakarta;Accessories;Flash Drive;1;85000;61700;23300;Debit Card;23300;OK
ORD0858;2026-02-26 00:00:00;C133;Raka;Yogyakarta;Office Supplies;Marker;4;48000;36900;11100;Debit Card;11100;OK
ORD0234;2026-02-27 00:00:00;C014;Raka;Yogyakarta;Office Supplies;Notebook;2;50000;36400;13600;Debit Card;13600;OK
ORD0401;2026-02-27 00:00:00;C062;Andi;Sleman;Office Supplies;Stapler;1;28500;21600;6900;Debit Card;6900;OK
ORD0593;2026-02-27 00:00:00;C134;Sari;Yogyakarta;Accessories;Power Bank;2;500000;380300;119700;Transfer;119700;OK
ORD0826;2026-02-27 00:00:00;C125;Citra;Yogyakarta;Electronics;Webcam;3;1050000;897000;153000;Debit Card;153000;OK
ORD0216;2026-02-27 00:00:00;C065;Eka;Yogyakarta;Office Supplies;Pen;1;8000;5900;2100;E-Wallet;2100;OK
ORD0455;2026-02-27 00:00:00;C105;Raka;Sleman;Accessories;Phone Stand;2;130000;107800;22200;E-Wallet;22200;OK
ORD0714;2026-02-27 00:00:00;C056;Joko;Yogyakarta;Office Supplies;Printer Paper;4;220000;160200;59800;E-Wallet;59800;OK
ORD0789;2026-02-27 00:00:00;C182;Putri;Yogyakarta;Electronics;Mouse;2;171000;138800;32200;E-Wallet;32200;OK
ORD0765;2026-02-27 00:00:00;C041;Tono;Sleman;Accessories;Phone Stand;4;260000;203300;56700;E-Wallet;56700;OK
ORD0702;2026-02-27 00:00:00;C128;Eka;Sleman;Furniture;Drawer;1;550000;473600;76400;Transfer;76400;OK
ORD0569;2026-02-28 00:00:00;C112;Vina;Kulon Progo;Electronics;Monitor;4;8800000;6694900;2105100;E-Wallet;2105100;OK
ORD0487;2026-02-28 00:00:00;C072;Oki;Sleman;Office Supplies;Marker;1;11400;10000;1400;Cash;1400;OK
ORD0939;2026-02-28 00:00:00;C004;Lina;Kulon Progo;Electronics;Mouse;1;90000;66000;24000;E-Wallet;24000;OK
ORD0262;2026-02-28 00:00:00;C025;Eka;Yogyakarta;Accessories;Backpack;1;238000;167500;70500;E-Wallet;70500;OK
ORD0561;2026-03-01 00:00:00;C064;Hadi;Yogyakarta;Accessories;Phone Stand;1;65000;49200;15800;Transfer;15800;OK
ORD0887;2026-03-01 00:00:00;C186;Nanda;Yogyakarta;Office Supplies;Pen;1;8000;6600;1400;Debit Card;1400;OK
ORD0037;2026-03-01 00:00:00;C103;Eka;Yogyakarta;Furniture;Drawer;2;1100000;804100;295900;E-Wallet;295900;OK
ORD0323;2026-03-01 00:00:00;C175;Joko;Bantul;Office Supplies;Marker;1;12000;9300;2700;E-Wallet;2700;OK
ORD0407;2026-03-01 00:00:00;C096;Kiki;Bantul;Office Supplies;Notebook;1;25000;20300;4700;E-Wallet;4700;OK
ORD0340;2026-03-02 00:00:00;C197;Nanda;Gunungkidul;Electronics;Monitor;4;8800000;7360800;1439200;Transfer;1439200;OK
ORD0242;2026-03-02 00:00:00;C107;Citra;Gunungkidul;Office Supplies;Notebook;2;47500;40200;7300;E-Wallet;7300;OK
ORD0898;2026-03-02 00:00:00;C027;Tono;Yogyakarta;Office Supplies;Notebook;3;75000;57800;17200;Debit Card;17200;OK
ORD0160;2026-03-02 00:00:00;C009;Fajar;Bantul;Accessories;Power Bank;1;250000;215300;34700;Cash;34700;OK
ORD0384;2026-03-02 00:00:00;C075;Andi;Sleman;Office Supplies;Notebook;1;25000;17900;7100;Transfer;7100;OK
ORD0791;2026-03-03 00:00:00;C118;Gita;Sleman;Office Supplies;Stapler;3;76500;61400;15100;Transfer;15100;OK
ORD0492;2026-03-03 00:00:00;C022;Dewi;Gunungkidul;Electronics;Mouse;1;85500;72300;13200;E-Wallet;13200;OK
ORD0411;2026-03-03 00:00:00;C189;Joko;Yogyakarta;Office Supplies;Printer Paper;2;99000;76800;22200;Debit Card;22200;OK
ORD0050;2026-03-03 00:00:00;C187;Maya;Sleman;Accessories;USB Cable;2;90000;64600;25400;E-Wallet;25400;OK
ORD0090;2026-03-03 00:00:00;C042;Maya;Sleman;Accessories;Power Bank;1;250000;191500;58500;E-Wallet;58500;OK
ORD0708;2026-03-03 00:00:00;C153;Sari;Gunungkidul;Furniture;Lamp;2;360000;260100;99900;E-Wallet;99900;OK
ORD0275;2026-03-03 00:00:00;C035;Lina;Kulon Progo;Office Supplies;Notebook;5;118800;93200;25600;E-Wallet;25600;OK
ORD0140;2026-03-03 00:00:00;C056;Citra;Sleman;Accessories;Phone Stand;5;325000;234300;90700;Transfer;90700;OK
ORD0181;2026-03-04 00:00:00;C089;Intan;Gunungkidul;Office Supplies;Marker;1;11400;8000;3400;Debit Card;3400;OK
ORD0814;2026-03-04 00:00:00;C116;Maya;Sleman;Accessories;USB Cable;3;135000;97100;37900;Debit Card;37900;OK
ORD0609;2026-03-04 00:00:00;C154;Dewi;Yogyakarta;Furniture;Desk;1;902500;715800;186700;Cash;186700;OK
ORD0133;2026-03-04 00:00:00;C062;Kiki;Gunungkidul;Accessories;USB Cable;1;42800;30100;12700;Transfer;12700;OK
ORD0134;2026-03-04 00:00:00;C110;Tono;Yogyakarta;Electronics;Webcam;5;1750000;1243000;507000;E-Wallet;507000;OK
ORD0491;2026-03-04 00:00:00;C146;Putri;Sleman;Furniture;Drawer;4;2200000;1645400;554600;E-Wallet;554600;OK
ORD0373;2026-03-04 00:00:00;C062;Hadi;Sleman;Accessories;USB Cable;2;76500;62800;13700;Transfer;13700;OK
ORD0678;2026-03-05 00:00:00;C123;Joko;Sleman;Furniture;Lamp;3;540000;391000;149000;Transfer;149000;OK
ORD0173;2026-03-05 00:00:00;C165;Kiki;Sleman;Office Supplies;Pen;1;7600;5700;1900;E-Wallet;1900;OK
ORD0966;2026-03-05 00:00:00;C040;Intan;Yogyakarta;Office Supplies;Pen;5;40000;30900;9100;Debit Card;9100;OK
ORD0729;2026-03-05 00:00:00;C166;Budi;Yogyakarta;Furniture;Lamp;1;162000;114400;47600;Debit Card;47600;OK
ORD0929;2026-03-05 00:00:00;C080;Kiki;Yogyakarta;Office Supplies;Notebook;2;50000;37300;12700;Transfer;12700;OK
ORD0081;2026-03-05 00:00:00;C198;Maya;Sleman;Office Supplies;Stapler;1;30000;21500;8500;Transfer;8500;OK
ORD0816;2026-03-06 00:00:00;C130;Andi;Sleman;Office Supplies;Stapler;1;30000;22500;7500;E-Wallet;7500;OK
ORD0338;2026-03-06 00:00:00;C102;Vina;Yogyakarta;Accessories;Flash Drive;2;153000;130100;22900;E-Wallet;22900;OK
ORD0451;2026-03-06 00:00:00;C190;Joko;Bantul;Electronics;Headset;2;360000;305600;54400;E-Wallet;54400;OK
ORD0362;2026-03-06 00:00:00;C036;Tono;Bantul;Furniture;Drawer;2;1045000;900300;144700;Cash;144700;OK
ORD0378;2026-03-06 00:00:00;C053;Joko;Yogyakarta;Furniture;Drawer;1;522500;378300;144200;Cash;144200;OK
ORD0311;2026-03-06 00:00:00;C001;Eka;Yogyakarta;Office Supplies;Marker;3;36000;31600;4400;E-Wallet;4400;OK
ORD0831;2026-03-06 00:00:00;C138;Vina;Sleman;Accessories;Flash Drive;1;85000;67400;17600;Debit Card;17600;OK
ORD0881;2026-03-08 00:00:00;C198;Raka;Sleman;Office Supplies;Pen;3;22800;19100;3700;Transfer;3700;OK
ORD0757;2026-03-08 00:00:00;C066;Lina;Gunungkidul;Furniture;Lamp;1;180000;129700;50300;E-Wallet;50300;OK
ORD0279;2026-03-08 00:00:00;C162;Budi;Bantul;Office Supplies;Marker;1;12000;8900;3100;Transfer;3100;OK
ORD0108;2026-03-08 00:00:00;C054;Hadi;Yogyakarta;Accessories;Power Bank;3;750000;585500;164500;E-Wallet;164500;OK
ORD0274;2026-03-09 00:00:00;C105;Budi;Gunungkidul;Electronics;Mouse;1;85500;66000;19500;E-Wallet;19500;OK
ORD0352;2026-03-09 00:00:00;C056;Kiki;Sleman;Electronics;Mouse;1;81000;67200;13800;Transfer;13800;OK
ORD0839;2026-03-09 00:00:00;C078;Fajar;Sleman;Accessories;USB Cable;2;90000;65600;24400;Debit Card;24400;OK
ORD0146;2026-03-09 00:00:00;C012;Raka;Yogyakarta;Electronics;Webcam;2;665000;564400;100600;E-Wallet;100600;OK
ORD0389;2026-03-09 00:00:00;C055;Andi;Yogyakarta;Furniture;Drawer;2;1100000;870800;229200;Debit Card;229200;OK
ORD0703;2026-03-09 00:00:00;C178;Sari;Gunungkidul;Office Supplies;Pen;2;14400;11300;3100;E-Wallet;3100;OK
ORD0827;2026-03-10 00:00:00;C071;Intan;Yogyakarta;Accessories;Phone Stand;1;61800;43300;18500;E-Wallet;18500;OK
ORD0940;2026-03-10 00:00:00;C006;Intan;Yogyakarta;Accessories;Backpack;1;252000;188800;63200;E-Wallet;63200;OK
ORD0444;2026-03-10 00:00:00;C031;Intan;Yogyakarta;Office Supplies;Notebook;1;23800;17300;6500;E-Wallet;6500;OK
ORD0043;2026-03-10 00:00:00;C138;Vina;Gunungkidul;Electronics;Webcam;1;350000;269200;80800;Transfer;80800;OK
ORD0221;2026-03-10 00:00:00;C087;Andi;Bantul;Office Supplies;Marker;2;24000;18900;5100;Transfer;5100;OK
ORD0391;2026-03-10 00:00:00;C188;Lina;Yogyakarta;Accessories;Phone Stand;3;185200;159300;25900;Transfer;25900;OK
ORD0932;2026-03-10 00:00:00;C082;Tono;Yogyakarta;Accessories;Flash Drive;1;85000;59500;25500;Debit Card;25500;OK
ORD0563;2026-03-11 00:00:00;C082;Citra;Sleman;Office Supplies;Marker;2;22800;19200;3600;E-Wallet;3600;OK
ORD0840;2026-03-11 00:00:00;C158;Kiki;Yogyakarta;Office Supplies;Pen;1;7600;5900;1700;Cash;1700;OK
ORD0235;2026-03-11 00:00:00;C186;Eka;Gunungkidul;Accessories;USB Cable;2;85500;62300;23200;E-Wallet;23200;OK
ORD0021;2026-03-11 00:00:00;C148;Citra;Bantul;Office Supplies;Stapler;1;27000;22200;4800;E-Wallet;4800;OK
ORD0248;2026-03-11 00:00:00;C160;Sari;Gunungkidul;Office Supplies;Stapler;1;30000;22200;7800;Transfer;7800;OK
ORD0497;2026-03-12 00:00:00;C140;Sari;Yogyakarta;Office Supplies;Pen;1;8000;6900;1100;E-Wallet;1100;OK
ORD0349;2026-03-12 00:00:00;C148;Vina;Sleman;Accessories;Flash Drive;4;340000;267800;72200;Debit Card;72200;OK
ORD0960;2026-03-12 00:00:00;C094;Citra;Bantul;Electronics;Mouse;2;153000;119700;33300;Cash;33300;OK
ORD0443;2026-03-13 00:00:00;C032;Fajar;Sleman;Office Supplies;Pen;4;30400;23600;6800;Debit Card;6800;OK
ORD0470;2026-03-13 00:00:00;C159;Maya;Kulon Progo;Office Supplies;Notebook;4;95000;80500;14500;E-Wallet;14500;OK
ORD0928;2026-03-13 00:00:00;C188;Fajar;Yogyakarta;Office Supplies;Notebook;1;25000;20500;4500;E-Wallet;4500;OK
ORD0518;2026-03-13 00:00:00;C120;Oki;Sleman;Furniture;Lamp;1;171000;122800;48200;E-Wallet;48200;OK
ORD0726;2026-03-14 00:00:00;C067;Eka;Yogyakarta;Office Supplies;Notebook;2;47500;38100;9400;E-Wallet;9400;OK
ORD0386;2026-03-14 00:00:00;C089;Kiki;Yogyakarta;Office Supplies;Stapler;1;25500;21100;4400;E-Wallet;4400;OK
ORD0557;2026-03-14 00:00:00;C191;Dewi;Bantul;Office Supplies;Stapler;1;30000;24200;5800;Debit Card;5800;OK
ORD0849;2026-03-14 00:00:00;C077;Intan;Sleman;Furniture;Desk;2;1805000;1575500;229500;Debit Card;229500;OK
ORD0619;2026-03-14 00:00:00;C124;Kiki;Sleman;Furniture;Office Chair;2;2280000;1759100;520900;Transfer;520900;OK
ORD0502;2026-03-14 00:00:00;C010;Intan;Sleman;Accessories;Flash Drive;1;80800;65100;15700;E-Wallet;15700;OK
ORD0247;2026-03-14 00:00:00;C084;Kiki;Sleman;Office Supplies;Notebook;1;22500;18700;3800;Transfer;3800;OK
ORD0856;2026-03-14 00:00:00;C055;Eka;Kulon Progo;Office Supplies;Marker;2;22800;18600;4200;E-Wallet;4200;OK
ORD0797;2026-03-14 00:00:00;C185;Dewi;Yogyakarta;Accessories;Flash Drive;2;144500;105300;39200;E-Wallet;39200;OK
ORD0482;2026-03-14 00:00:00;C125;Tono;Yogyakarta;Furniture;Office Chair;1;1200000;990200;209800;E-Wallet;209800;OK
ORD0895;2026-03-14 00:00:00;C164;Nanda;Yogyakarta;Accessories;Phone Stand;2;130000;91800;38200;E-Wallet;38200;OK
ORD0430;2026-03-14 00:00:00;C037;Vina;Gunungkidul;Office Supplies;Marker;1;10800;7800;3000;Debit Card;3000;OK
ORD0600;2026-03-15 00:00:00;C171;Putri;Bantul;Furniture;Office Chair;1;1200000;931600;268400;E-Wallet;268400;OK
ORD0631;2026-03-15 00:00:00;C181;Intan;Bantul;Accessories;USB Cable;3;135000;105700;29300;E-Wallet;29300;OK
ORD0293;2026-03-16 00:00:00;C124;Dewi;Sleman;Office Supplies;Pen;2;15200;13100;2100;Transfer;2100;OK
ORD0699;2026-03-16 00:00:00;C041;Gita;Yogyakarta;Office Supplies;Pen;4;28800;24500;4300;E-Wallet;4300;OK
ORD0053;2026-03-16 00:00:00;C009;Lina;Yogyakarta;Accessories;Flash Drive;5;425000;317600;107400;Debit Card;107400;OK
ORD0083;2026-03-16 00:00:00;C118;Fajar;Gunungkidul;Office Supplies;Pen;5;40000;32300;7700;E-Wallet;7700;OK
ORD0015;2026-03-16 00:00:00;C190;Gita;Yogyakarta;Electronics;Headset;1;180000;144900;35100;E-Wallet;35100;OK
ORD0994;2026-03-17 00:00:00;C068;Hadi;Sleman;Accessories;USB Cable;1;45000;33100;11900;Cash;11900;OK
ORD0951;2026-03-17 00:00:00;C038;Intan;Bantul;Electronics;Mouse;1;81000;69400;11600;E-Wallet;11600;OK
ORD0738;2026-03-17 00:00:00;C039;Joko;Yogyakarta;Electronics;Headset;2;360000;311000;49000;Cash;49000;OK
ORD0859;2026-03-17 00:00:00;C131;Eka;Bantul;Office Supplies;Notebook;1;25000;22000;3000;E-Wallet;3000;OK
ORD0485;2026-03-17 00:00:00;C054;Sari;Yogyakarta;Accessories;Flash Drive;1;85000;61500;23500;E-Wallet;23500;OK
ORD0239;2026-03-17 00:00:00;C117;Fajar;Kulon Progo;Office Supplies;Notebook;2;50000;37700;12300;Debit Card;12300;OK
ORD0466;2026-03-17 00:00:00;C123;Maya;Gunungkidul;Accessories;USB Cable;1;42800;33600;9200;Debit Card;9200;OK
ORD0343;2026-03-17 00:00:00;C019;Sari;Yogyakarta;Accessories;Flash Drive;5;403800;284000;119800;E-Wallet;119800;OK
ORD0394;2026-03-17 00:00:00;C158;Citra;Gunungkidul;Office Supplies;Stapler;1;27000;20500;6500;Transfer;6500;OK
ORD0041;2026-03-17 00:00:00;C086;Tono;Sleman;Office Supplies;Stapler;2;60000;44900;15100;E-Wallet;15100;OK
ORD0941;2026-03-18 00:00:00;C110;Oki;Yogyakarta;Office Supplies;Marker;2;21600;17700;3900;Cash;3900;OK
ORD0777;2026-03-18 00:00:00;C087;Fajar;Bantul;Furniture;Office Chair;1;1200000;1002500;197500;Transfer;197500;OK
ORD0201;2026-03-18 00:00:00;C055;Oki;Bantul;Office Supplies;Pen;1;7600;5400;2200;Transfer;2200;OK
ORD0225;2026-03-19 00:00:00;C010;Sari;Yogyakarta;Office Supplies;Notebook;1;25000;19200;5800;Debit Card;5800;OK
ORD0270;2026-03-19 00:00:00;C025;Raka;Sleman;Furniture;Bookshelf;1;700000;564000;136000;Transfer;136000;OK
ORD0923;2026-03-19 00:00:00;C152;Budi;Kulon Progo;Office Supplies;Notebook;2;47500;35600;11900;Debit Card;11900;OK
ORD0227;2026-03-19 00:00:00;C022;Sari;Sleman;Electronics;Headset;2;360000;292400;67600;E-Wallet;67600;OK
ORD0406;2026-03-20 00:00:00;C067;Joko;Yogyakarta;Office Supplies;Stapler;5;150000;118100;31900;E-Wallet;31900;OK
ORD0070;2026-03-20 00:00:00;C051;Joko;Sleman;Electronics;Headset;2;360000;287600;72400;Transfer;72400;OK
ORD0877;2026-03-20 00:00:00;C126;Kiki;Kulon Progo;Furniture;Drawer;2;1100000;912500;187500;Transfer;187500;OK
ORD0207;2026-03-21 00:00:00;C073;Nanda;Yogyakarta;Office Supplies;Notebook;3;67500;49600;17900;E-Wallet;17900;OK
ORD0595;2026-03-21 00:00:00;C078;Putri;Gunungkidul;Electronics;Headset;2;360000;263100;96900;Transfer;96900;OK
ORD0566;2026-03-21 00:00:00;C017;Joko;Kulon Progo;Accessories;USB Cable;4;180000;132100;47900;E-Wallet;47900;OK
ORD0933;2026-03-21 00:00:00;C135;Intan;Gunungkidul;Furniture;Drawer;4;1980000;1440300;539700;Transfer;539700;OK
ORD0141;2026-03-21 00:00:00;C059;Andi;Bantul;Office Supplies;Stapler;3;85500;67200;18300;Debit Card;18300;OK
ORD0393;2026-03-21 00:00:00;C006;Intan;Gunungkidul;Accessories;USB Cable;2;90000;74800;15200;Transfer;15200;OK
ORD0172;2026-03-21 00:00:00;C076;Joko;Sleman;Furniture;Lamp;1;162000;129700;32300;Debit Card;32300;OK
ORD0290;2026-03-22 00:00:00;C163;Lina;Bantul;Accessories;Phone Stand;1;65000;55500;9500;Transfer;9500;OK
ORD0317;2026-03-22 00:00:00;C010;Joko;Bantul;Office Supplies;Printer Paper;1;52200;44800;7400;Debit Card;7400;OK
ORD0308;2026-03-22 00:00:00;C147;Hadi;Kulon Progo;Office Supplies;Pen;5;40000;35200;4800;E-Wallet;4800;OK
ORD0834;2026-03-22 00:00:00;C008;Joko;Bantul;Office Supplies;Marker;1;12000;8900;3100;E-Wallet;3100;OK
ORD0819;2026-03-22 00:00:00;C042;Gita;Yogyakarta;Accessories;Phone Stand;2;130000;102300;27700;E-Wallet;27700;OK
ORD0892;2026-03-22 00:00:00;C001;Maya;Yogyakarta;Accessories;Flash Drive;2;170000;136400;33600;Cash;33600;OK
ORD0926;2026-03-23 00:00:00;C192;Dewi;Sleman;Furniture;Lamp;4;684000;589000;95000;Transfer;95000;OK
ORD0287;2026-03-23 00:00:00;C156;Oki;Yogyakarta;Office Supplies;Marker;1;12000;9600;2400;Transfer;2400;OK
ORD0943;2026-03-23 00:00:00;C060;Raka;Bantul;Office Supplies;Printer Paper;2;104500;82600;21900;E-Wallet;21900;OK
ORD0307;2026-03-23 00:00:00;C004;Oki;Sleman;Office Supplies;Pen;2;14400;10100;4300;Debit Card;4300;OK
ORD0815;2026-03-23 00:00:00;C104;Budi;Yogyakarta;Furniture;Office Chair;3;3600000;3039700;560300;Transfer;560300;OK
ORD0374;2026-03-23 00:00:00;C177;Intan;Bantul;Electronics;Webcam;5;1750000;1412900;337100;E-Wallet;337100;OK
ORD0156;2026-03-23 00:00:00;C032;Fajar;Sleman;Accessories;Flash Drive;1;85000;64400;20600;Transfer;20600;OK
ORD0111;2026-03-23 00:00:00;C197;Oki;Gunungkidul;Furniture;Desk;1;950000;736300;213700;E-Wallet;213700;OK
ORD0136;2026-03-23 00:00:00;C160;Citra;Bantul;Office Supplies;Printer Paper;2;110000;86600;23400;Transfer;23400;OK
ORD0880;2026-03-23 00:00:00;C157;Joko;Yogyakarta;Office Supplies;Notebook;1;21200;16200;5000;E-Wallet;5000;OK
ORD0695;2026-03-23 00:00:00;C150;Lina;Kulon Progo;Accessories;Power Bank;2;475000;351200;123800;Debit Card;123800;OK
ORD0988;2026-03-24 00:00:00;C063;Lina;Yogyakarta;Accessories;Backpack;1;252000;215500;36500;Debit Card;36500;OK
ORD0071;2026-03-25 00:00:00;C006;Budi;Sleman;Accessories;USB Cable;1;40500;30000;10500;Transfer;10500;OK
ORD0863;2026-03-25 00:00:00;C064;Kiki;Yogyakarta;Accessories;Power Bank;1;250000;195800;54200;E-Wallet;54200;OK
ORD0460;2026-03-25 00:00:00;C087;Dewi;Kulon Progo;Office Supplies;Marker;1;12000;8600;3400;E-Wallet;3400;OK
ORD0151;2026-03-25 00:00:00;C131;Eka;Sleman;Electronics;Keyboard;2;270000;195900;74100;E-Wallet;74100;OK
ORD0961;2026-03-25 00:00:00;C166;Dewi;Sleman;Furniture;Office Chair;1;1200000;968500;231500;Transfer;231500;OK
ORD0364;2026-03-25 00:00:00;C081;Citra;Gunungkidul;Electronics;Keyboard;1;150000;126200;23800;Debit Card;23800;OK
ORD0550;2026-03-25 00:00:00;C109;Intan;Bantul;Accessories;USB Cable;1;45000;33300;11700;Transfer;11700;OK
ORD0177;2026-03-25 00:00:00;C052;Maya;Yogyakarta;Office Supplies;Pen;2;16000;12200;3800;Debit Card;3800;OK
ORD0372;2026-03-25 00:00:00;C014;Oki;Bantul;Electronics;Mouse;1;90000;63300;26700;Debit Card;26700;OK
ORD0115;2026-03-26 00:00:00;C166;Intan;Kulon Progo;Electronics;Webcam;1;350000;250400;99600;E-Wallet;99600;OK
ORD0301;2026-03-26 00:00:00;C021;Lina;Yogyakarta;Accessories;Power Bank;1;225000;169300;55700;Cash;55700;OK
ORD0452;2026-03-26 00:00:00;C086;Fajar;Kulon Progo;Office Supplies;Printer Paper;2;110000;85800;24200;E-Wallet;24200;OK
ORD0387;2026-03-26 00:00:00;C123;Kiki;Sleman;Accessories;Phone Stand;4;234000;204400;29600;Debit Card;29600;OK
ORD0633;2026-03-26 00:00:00;C168;Maya;Sleman;Furniture;Desk;2;1710000;1198400;511600;E-Wallet;511600;OK
ORD0788;2026-03-27 00:00:00;C184;Joko;Bantul;Accessories;Backpack;1;266000;210500;55500;Transfer;55500;OK
ORD0998;2026-03-27 00:00:00;C009;Dewi;Yogyakarta;Office Supplies;Printer Paper;2;110000;81100;28900;Transfer;28900;OK
ORD0116;2026-03-27 00:00:00;C168;Fajar;Yogyakarta;Office Supplies;Pen;2;15200;13100;2100;E-Wallet;2100;OK
ORD0014;2026-03-27 00:00:00;C045;Joko;Gunungkidul;Office Supplies;Stapler;1;27000;20800;6200;E-Wallet;6200;OK
ORD0804;2026-03-27 00:00:00;C006;Dewi;Yogyakarta;Accessories;Phone Stand;2;123500;99700;23800;Transfer;23800;OK
ORD0346;2026-03-27 00:00:00;C074;Eka;Bantul;Office Supplies;Marker;1;11400;8400;3000;Debit Card;3000;OK
ORD0927;2026-03-27 00:00:00;C099;Nanda;Sleman;Office Supplies;Marker;1;12000;9500;2500;Transfer;2500;OK
ORD0036;2026-03-27 00:00:00;C180;Raka;Yogyakarta;Accessories;Phone Stand;1;61800;49500;12300;E-Wallet;12300;OK
ORD0667;2026-03-27 00:00:00;C076;Citra;Gunungkidul;Accessories;Power Bank;1;250000;177800;72200;Transfer;72200;OK
ORD0277;2026-03-28 00:00:00;C182;Lina;Sleman;Accessories;Phone Stand;1;55200;48300;6900;Transfer;6900;OK
ORD0286;2026-03-28 00:00:00;C177;Oki;Bantul;Accessories;Flash Drive;3;255000;195200;59800;Transfer;59800;OK
ORD0537;2026-03-28 00:00:00;C009;Citra;Sleman;Electronics;Monitor;2;4400000;3815600;584400;Transfer;584400;OK
ORD0169;2026-03-28 00:00:00;C078;Nanda;Bantul;Accessories;Backpack;1;266000;190600;75400;Transfer;75400;OK
ORD0918;2026-03-28 00:00:00;C069;Maya;Bantul;Office Supplies;Pen;1;8000;6400;1600;Cash;1600;OK
ORD0359;2026-03-28 00:00:00;C025;Eka;Bantul;Furniture;Bookshelf;2;1330000;967300;362700;E-Wallet;362700;OK
ORD0437;2026-03-28 00:00:00;C057;Joko;Yogyakarta;Office Supplies;Stapler;1;28500;23700;4800;Debit Card;4800;OK
ORD0972;2026-03-28 00:00:00;C102;Vina;Sleman;Electronics;Mouse;1;90000;68200;21800;Transfer;21800;OK
ORD0694;2026-03-28 00:00:00;C153;Vina;Bantul;Office Supplies;Marker;1;11400;8800;2600;E-Wallet;2600;OK
ORD0744;2026-03-29 00:00:00;C189;Putri;Gunungkidul;Accessories;USB Cable;2;90000;77500;12500;Transfer;12500;OK
ORD0658;2026-03-29 00:00:00;C129;Raka;Kulon Progo;Office Supplies;Stapler;5;142500;115900;26600;E-Wallet;26600;OK
ORD0392;2026-03-29 00:00:00;C032;Nanda;Kulon Progo;Office Supplies;Stapler;1;28500;24700;3800;Debit Card;3800;OK
ORD0668;2026-03-29 00:00:00;C069;Fajar;Yogyakarta;Furniture;Bookshelf;1;630000;544200;85800;Debit Card;85800;OK
ORD0806;2026-03-29 00:00:00;C097;Tono;Sleman;Accessories;Backpack;4;1120000;910900;209100;Cash;209100;OK
ORD0850;2026-03-29 00:00:00;C077;Maya;Gunungkidul;Accessories;Phone Stand;2;130000;110700;19300;E-Wallet;19300;OK
ORD0894;2026-03-30 00:00:00;C160;Andi;Yogyakarta;Accessories;Flash Drive;3;242200;209700;32500;Transfer;32500;OK
ORD0562;2026-03-30 00:00:00;C183;Vina;Yogyakarta;Accessories;Flash Drive;1;80800;60000;20800;E-Wallet;20800;OK
ORD0464;2026-03-30 00:00:00;C061;Hadi;Gunungkidul;Office Supplies;Stapler;2;54000;43600;10400;Debit Card;10400;OK
ORD0368;2026-03-30 00:00:00;C172;Dewi;Yogyakarta;Accessories;Backpack;4;1120000;808300;311700;E-Wallet;311700;OK
ORD0554;2026-03-30 00:00:00;C151;Tono;Yogyakarta;Furniture;Office Chair;1;1080000;838200;241800;Transfer;241800;OK
ORD0629;2026-03-31 00:00:00;C130;Lina;Sleman;Office Supplies;Printer Paper;2;110000;90000;20000;E-Wallet;20000;OK
ORD0139;2026-03-31 00:00:00;C060;Eka;Sleman;Office Supplies;Pen;1;8000;6000;2000;E-Wallet;2000;OK
ORD0413;2026-03-31 00:00:00;C128;Raka;Sleman;Furniture;Office Chair;1;1140000;924600;215400;Transfer;215400;OK
ORD0056;2026-03-31 00:00:00;C173;Citra;Yogyakarta;Accessories;Backpack;2;560000;421700;138300;E-Wallet;138300;OK
ORD0039;2026-03-31 00:00:00;C140;Intan;Yogyakarta;Electronics;Mouse;1;90000;67100;22900;Transfer;22900;OK
ORD0680;2026-04-01 00:00:00;C155;Maya;Yogyakarta;Accessories;Phone Stand;1;65000;48500;16500;E-Wallet;16500;OK
ORD0781;2026-04-01 00:00:00;C031;Maya;Sleman;Office Supplies;Marker;1;10800;7700;3100;Cash;3100;OK
ORD0266;2026-04-01 00:00:00;C125;Vina;Bantul;Office Supplies;Printer Paper;2;99000;72100;26900;Transfer;26900;OK
ORD0936;2026-04-01 00:00:00;C056;Raka;Sleman;Office Supplies;Notebook;1;25000;21500;3500;E-Wallet;3500;OK
ORD0749;2026-04-01 00:00:00;C082;Vina;Sleman;Furniture;Lamp;1;180000;139500;40500;E-Wallet;40500;OK
ORD0545;2026-04-02 00:00:00;C147;Andi;Bantul;Accessories;Flash Drive;1;80800;66200;14600;Transfer;14600;OK
ORD0878;2026-04-02 00:00:00;C073;Tono;Sleman;Furniture;Drawer;2;1045000;842300;202700;Transfer;202700;OK
ORD0388;2026-04-02 00:00:00;C186;Kiki;Sleman;Office Supplies;Pen;1;7600;5400;2200;E-Wallet;2200;OK
ORD0005;2026-04-02 00:00:00;C172;Gita;Sleman;Office Supplies;Stapler;1;30000;25200;4800;Transfer;4800;OK
ORD0577;2026-04-03 00:00:00;C016;Citra;Sleman;Furniture;Lamp;1;171000;132200;38800;Debit Card;38800;OK
ORD0320;2026-04-03 00:00:00;C087;Fajar;Yogyakarta;Furniture;Lamp;1;180000;152300;27700;Transfer;27700;OK
ORD0536;2026-04-03 00:00:00;C008;Hadi;Sleman;Furniture;Lamp;2;360000;261400;98600;Debit Card;98600;OK
ORD0778;2026-04-03 00:00:00;C140;Gita;Gunungkidul;Electronics;Mouse;1;76500;59100;17400;E-Wallet;17400;OK
ORD0615;2026-04-03 00:00:00;C149;Hadi;Yogyakarta;Electronics;Webcam;2;700000;535900;164100;Debit Card;164100;OK
ORD0184;2026-04-03 00:00:00;C035;Raka;Sleman;Office Supplies;Marker;2;22800;18500;4300;E-Wallet;4300;OK
ORD0089;2026-04-03 00:00:00;C014;Intan;Yogyakarta;Office Supplies;Notebook;4;95000;82800;12200;Debit Card;12200;OK
ORD0396;2026-04-04 00:00:00;C158;Andi;Yogyakarta;Accessories;USB Cable;3;135000;99600;35400;E-Wallet;35400;OK
ORD0448;2026-04-04 00:00:00;C094;Kiki;Sleman;Office Supplies;Pen;2;13600;10100;3500;E-Wallet;3500;OK
ORD0478;2026-04-04 00:00:00;C108;Nanda;Sleman;Office Supplies;Pen;2;14400;12300;2100;E-Wallet;2100;OK
ORD0573;2026-04-05 00:00:00;C151;Vina;Gunungkidul;Office Supplies;Pen;1;7600;5400;2200;Transfer;2200;OK
ORD0645;2026-04-05 00:00:00;C151;Vina;Gunungkidul;Accessories;Flash Drive;1;85000;74300;10700;Cash;10700;OK
ORD0664;2026-04-05 00:00:00;C108;Eka;Sleman;Electronics;Headset;3;540000;402600;137400;E-Wallet;137400;OK
ORD0559;2026-04-05 00:00:00;C191;Citra;Yogyakarta;Accessories;Phone Stand;3;195000;145800;49200;E-Wallet;49200;OK
ORD0065;2026-04-05 00:00:00;C181;Citra;Bantul;Office Supplies;Pen;1;8000;5800;2200;Transfer;2200;OK
ORD0342;2026-04-05 00:00:00;C169;Fajar;Yogyakarta;Office Supplies;Marker;1;10200;8000;2200;E-Wallet;2200;OK
ORD0226;2026-04-05 00:00:00;C011;Budi;Sleman;Furniture;Drawer;5;2612500;2025100;587400;E-Wallet;587400;OK
ORD0977;2026-04-05 00:00:00;C190;Kiki;Kulon Progo;Office Supplies;Printer Paper;1;49500;38800;10700;Debit Card;10700;OK
ORD0017;2026-04-06 00:00:00;C113;Vina;Sleman;Electronics;Headset;1;162000;133100;28900;E-Wallet;28900;OK
ORD0511;2026-04-06 00:00:00;C054;Oki;Yogyakarta;Furniture;Bookshelf;1;700000;598600;101400;Transfer;101400;OK
ORD0013;2026-04-06 00:00:00;C151;Eka;Bantul;Office Supplies;Pen;1;7200;5700;1500;Transfer;1500;OK
ORD0479;2026-04-06 00:00:00;C006;Joko;Yogyakarta;Accessories;Phone Stand;1;58500;46400;12100;E-Wallet;12100;OK
ORD0773;2026-04-06 00:00:00;C161;Raka;Bantul;Office Supplies;Notebook;1;25000;20300;4700;Transfer;4700;OK
ORD0650;2026-04-07 00:00:00;C177;Kiki;Sleman;Office Supplies;Pen;1;7600;6500;1100;Cash;1100;OK
ORD0198;2026-04-07 00:00:00;C136;Intan;Sleman;Office Supplies;Printer Paper;1;55000;47600;7400;E-Wallet;7400;OK
ORD0970;2026-04-07 00:00:00;C127;Maya;Yogyakarta;Accessories;Flash Drive;1;85000;68600;16400;E-Wallet;16400;OK
ORD0673;2026-04-07 00:00:00;C128;Putri;Sleman;Furniture;Bookshelf;2;1330000;951300;378700;E-Wallet;378700;OK
ORD0252;2026-04-08 00:00:00;C002;Eka;Sleman;Electronics;Mouse;2;180000;155800;24200;Transfer;24200;OK
ORD0450;2026-04-08 00:00:00;C140;Oki;Yogyakarta;Office Supplies;Pen;3;24000;21000;3000;Debit Card;3000;OK
ORD0304;2026-04-08 00:00:00;C047;Maya;Bantul;Accessories;Backpack;4;1120000;866000;254000;Debit Card;254000;OK
ORD0779;2026-04-08 00:00:00;C089;Dewi;Gunungkidul;Electronics;Monitor;3;6600000;5276400;1323600;Transfer;1323600;OK
ORD0379;2026-04-08 00:00:00;C028;Maya;Sleman;Accessories;USB Cable;3;135000;104500;30500;Transfer;30500;OK
ORD0991;2026-04-08 00:00:00;C015;Joko;Bantul;Office Supplies;Pen;2;15200;11100;4100;Cash;4100;OK
ORD0632;2026-04-09 00:00:00;C085;Putri;Yogyakarta;Accessories;Power Bank;1;237500;191800;45700;E-Wallet;45700;OK
ORD0587;2026-04-09 00:00:00;C126;Kiki;Sleman;Electronics;Mouse;1;85500;70800;14700;Transfer;14700;OK
ORD0149;2026-04-09 00:00:00;C015;Gita;Sleman;Office Supplies;Marker;1;12000;8400;3600;Debit Card;3600;OK
ORD0822;2026-04-10 00:00:00;C196;Maya;Yogyakarta;Office Supplies;Pen;3;21600;16900;4700;Transfer;4700;OK
ORD0098;2026-04-10 00:00:00;C120;Eka;Gunungkidul;Office Supplies;Printer Paper;1;49500;35300;14200;E-Wallet;14200;OK
ORD0327;2026-04-10 00:00:00;C162;Maya;Bantul;Furniture;Desk;2;1900000;1371000;529000;E-Wallet;529000;OK
ORD0330;2026-04-10 00:00:00;C153;Citra;Gunungkidul;Electronics;Keyboard;1;150000;131500;18500;Debit Card;18500;OK
ORD0862;2026-04-10 00:00:00;C109;Intan;Sleman;Office Supplies;Marker;1;12000;8800;3200;Transfer;3200;OK
ORD0612;2026-04-10 00:00:00;C162;Tono;Sleman;Accessories;Phone Stand;4;260000;196000;64000;Cash;64000;OK
ORD0087;2026-04-11 00:00:00;C143;Intan;Yogyakarta;Accessories;Flash Drive;1;76500;63800;12700;Transfer;12700;OK
ORD0756;2026-04-11 00:00:00;C097;Sari;Bantul;Furniture;Lamp;2;360000;252900;107100;Transfer;107100;OK
ORD0747;2026-04-11 00:00:00;C175;Budi;Yogyakarta;Furniture;Lamp;2;360000;270000;90000;E-Wallet;90000;OK
ORD0893;2026-04-11 00:00:00;C048;Raka;Yogyakarta;Office Supplies;Marker;1;12000;8700;3300;E-Wallet;3300;OK
ORD0769;2026-04-11 00:00:00;C111;Andi;Bantul;Accessories;Phone Stand;1;65000;50300;14700;Debit Card;14700;OK
ORD0137;2026-04-11 00:00:00;C184;Intan;Yogyakarta;Office Supplies;Marker;2;24000;17300;6700;E-Wallet;6700;OK
ORD0276;2026-04-11 00:00:00;C189;Andi;Sleman;Accessories;USB Cable;2;85500;71400;14100;E-Wallet;14100;OK
ORD0018;2026-04-11 00:00:00;C187;Raka;Yogyakarta;Furniture;Lamp;1;171000;128600;42400;Transfer;42400;OK
ORD0314;2026-04-12 00:00:00;C145;Hadi;Yogyakarta;Office Supplies;Printer Paper;2;110000;94800;15200;Transfer;15200;OK
ORD0514;2026-04-12 00:00:00;C141;Kiki;Yogyakarta;Accessories;Backpack;2;504000;398200;105800;Transfer;105800;OK
ORD0848;2026-04-12 00:00:00;C048;Lina;Sleman;Office Supplies;Notebook;2;47500;37300;10200;E-Wallet;10200;OK
ORD0313;2026-04-12 00:00:00;C003;Hadi;Yogyakarta;Office Supplies;Pen;1;8000;6500;1500;Transfer;1500;OK
ORD0306;2026-04-12 00:00:00;C155;Oki;Sleman;Office Supplies;Pen;5;40000;29000;11000;Transfer;11000;OK
ORD0465;2026-04-12 00:00:00;C059;Intan;Yogyakarta;Electronics;Headset;1;180000;155400;24600;Transfer;24600;OK
ORD0016;2026-04-13 00:00:00;C062;Intan;Yogyakarta;Furniture;Bookshelf;1;630000;456800;173200;E-Wallet;173200;OK
ORD0325;2026-04-13 00:00:00;C099;Intan;Sleman;Office Supplies;Marker;5;60000;47400;12600;Transfer;12600;OK
ORD0159;2026-04-13 00:00:00;C090;Gita;Yogyakarta;Accessories;Phone Stand;1;58500;47700;10800;Transfer;10800;OK
ORD0001;2026-04-13 00:00:00;C088;Kiki;Sleman;Office Supplies;Notebook;4;95000;73400;21600;E-Wallet;21600;OK
ORD0882;2026-04-13 00:00:00;C041;Dewi;Gunungkidul;Office Supplies;Stapler;2;60000;50900;9100;E-Wallet;9100;OK
ORD0504;2026-04-13 00:00:00;C110;Joko;Sleman;Office Supplies;Notebook;3;71200;60500;10700;E-Wallet;10700;OK
ORD0660;2026-04-13 00:00:00;C112;Sari;Sleman;Furniture;Bookshelf;2;1400000;1229700;170300;Cash;170300;OK
ORD0762;2026-04-13 00:00:00;C007;Eka;Sleman;Office Supplies;Notebook;3;67500;57500;10000;Debit Card;10000;OK
ORD0467;2026-04-13 00:00:00;C162;Oki;Gunungkidul;Office Supplies;Stapler;1;30000;22100;7900;E-Wallet;7900;OK
ORD0883;2026-04-13 00:00:00;C177;Nanda;Sleman;Office Supplies;Pen;1;7600;5800;1800;Cash;1800;OK
ORD0229;2026-04-14 00:00:00;C086;Lina;Sleman;Furniture;Lamp;2;360000;262200;97800;Debit Card;97800;OK
ORD0104;2026-04-14 00:00:00;C141;Andi;Sleman;Accessories;Flash Drive;1;85000;73500;11500;E-Wallet;11500;OK
ORD0011;2026-04-14 00:00:00;C193;Citra;Yogyakarta;Electronics;Mouse;1;90000;67400;22600;E-Wallet;22600;OK
ORD0556;2026-04-15 00:00:00;C031;Gita;Yogyakarta;Office Supplies;Pen;2;15200;13200;2000;E-Wallet;2000;OK
ORD0057;2026-04-15 00:00:00;C092;Citra;Bantul;Office Supplies;Pen;1;8000;6900;1100;Cash;1100;OK
ORD0579;2026-04-15 00:00:00;C197;Intan;Sleman;Accessories;Flash Drive;1;76500;62600;13900;Debit Card;13900;OK
ORD0707;2026-04-16 00:00:00;C081;Kiki;Sleman;Office Supplies;Pen;1;8000;5900;2100;Cash;2100;OK
ORD0337;2026-04-16 00:00:00;C045;Joko;Gunungkidul;Office Supplies;Stapler;3;90000;67400;22600;E-Wallet;22600;OK
ORD0498;2026-04-16 00:00:00;C024;Joko;Kulon Progo;Accessories;Phone Stand;5;325000;273700;51300;Transfer;51300;OK
ORD0750;2026-04-16 00:00:00;C191;Citra;Sleman;Accessories;Phone Stand;2;130000;113500;16500;Debit Card;16500;OK
ORD0143;2026-04-17 00:00:00;C159;Gita;Yogyakarta;Accessories;Phone Stand;1;58500;50100;8400;E-Wallet;8400;OK
ORD0833;2026-04-17 00:00:00;C141;Budi;Yogyakarta;Office Supplies;Pen;1;6800;5600;1200;Transfer;1200;OK
ORD0874;2026-04-17 00:00:00;C090;Sari;Kulon Progo;Electronics;Mouse;3;270000;214300;55700;Transfer;55700;OK
ORD0203;2026-04-18 00:00:00;C198;Vina;Yogyakarta;Electronics;Headset;5;900000;672600;227400;E-Wallet;227400;OK
ORD0911;2026-04-18 00:00:00;C184;Oki;Yogyakarta;Office Supplies;Marker;1;11400;9000;2400;Debit Card;2400;OK
ORD0792;2026-04-18 00:00:00;C099;Joko;Gunungkidul;Office Supplies;Pen;1;8000;6700;1300;Debit Card;1300;OK
ORD0665;2026-04-18 00:00:00;C071;Dewi;Gunungkidul;Furniture;Drawer;5;2750000;2199900;550100;Transfer;550100;OK
ORD0532;2026-04-18 00:00:00;C068;Kiki;Yogyakarta;Furniture;Office Chair;1;1140000;817400;322600;E-Wallet;322600;OK
ORD0449;2026-04-18 00:00:00;C158;Vina;Sleman;Office Supplies;Notebook;2;47500;34000;13500;Transfer;13500;OK
ORD0285;2026-04-19 00:00:00;C161;Putri;Bantul;Electronics;Webcam;1;332500;239800;92700;Debit Card;92700;OK
ORD0947;2026-04-19 00:00:00;C050;Tono;Bantul;Office Supplies;Printer Paper;1;55000;41500;13500;Transfer;13500;OK
ORD0077;2026-04-19 00:00:00;C007;Tono;Yogyakarta;Office Supplies;Pen;2;16000;12700;3300;Transfer;3300;OK
ORD0124;2026-04-19 00:00:00;C016;Joko;Bantul;Accessories;Flash Drive;4;323000;243900;79100;Cash;79100;OK
ORD0259;2026-04-19 00:00:00;C107;Sari;Gunungkidul;Office Supplies;Pen;2;16000;12300;3700;Cash;3700;OK
ORD0873;2026-04-19 00:00:00;C152;Lina;Yogyakarta;Accessories;Power Bank;1;237500;184600;52900;Transfer;52900;OK
ORD0875;2026-04-19 00:00:00;C137;Gita;Bantul;Office Supplies;Stapler;3;90000;64300;25700;E-Wallet;25700;OK
ORD0066;2026-04-20 00:00:00;C004;Maya;Yogyakarta;Accessories;Backpack;2;560000;468500;91500;E-Wallet;91500;OK
ORD0107;2026-04-20 00:00:00;C087;Andi;Sleman;Electronics;Webcam;3;945000;768100;176900;Cash;176900;OK
ORD0271;2026-04-20 00:00:00;C019;Joko;Gunungkidul;Electronics;Keyboard;4;600000;451600;148400;Debit Card;148400;OK
ORD0318;2026-04-20 00:00:00;C022;Oki;Kulon Progo;Office Supplies;Stapler;2;60000;47800;12200;Transfer;12200;OK
ORD0434;2026-04-20 00:00:00;C039;Joko;Bantul;Accessories;Flash Drive;1;85000;62600;22400;E-Wallet;22400;OK
ORD0431;2026-04-20 00:00:00;C053;Gita;Yogyakarta;Office Supplies;Marker;5;60000;43600;16400;Cash;16400;OK
ORD0462;2026-04-20 00:00:00;C025;Nanda;Sleman;Accessories;USB Cable;2;90000;71200;18800;E-Wallet;18800;OK
ORD0334;2026-04-21 00:00:00;C008;Kiki;Bantul;Electronics;Keyboard;1;142500;100400;42100;Debit Card;42100;OK
ORD0468;2026-04-21 00:00:00;C182;Joko;Sleman;Electronics;Mouse;2;180000;151100;28900;Debit Card;28900;OK
ORD0080;2026-04-21 00:00:00;C008;Oki;Bantul;Office Supplies;Marker;3;36000;31100;4900;Transfer;4900;OK
ORD0008;2026-04-21 00:00:00;C041;Maya;Kulon Progo;Office Supplies;Stapler;4;108000;80500;27500;E-Wallet;27500;OK
ORD0174;2026-04-21 00:00:00;C189;Lina;Gunungkidul;Office Supplies;Stapler;3;85500;68400;17100;E-Wallet;17100;OK
ORD0852;2026-04-22 00:00:00;C043;Raka;Kulon Progo;Accessories;USB Cable;1;45000;32500;12500;Transfer;12500;OK
ORD0224;2026-04-22 00:00:00;C104;Hadi;Gunungkidul;Office Supplies;Marker;3;36000;31500;4500;Transfer;4500;OK
ORD0483;2026-04-22 00:00:00;C058;Joko;Sleman;Furniture;Drawer;2;1100000;936300;163700;E-Wallet;163700;OK
ORD0026;2026-04-22 00:00:00;C153;Citra;Yogyakarta;Accessories;Flash Drive;3;242200;187800;54400;E-Wallet;54400;OK
ORD0106;2026-04-23 00:00:00;C179;Fajar;Sleman;Furniture;Drawer;2;1100000;862200;237800;E-Wallet;237800;OK
ORD0076;2026-04-23 00:00:00;C047;Vina;Sleman;Accessories;Phone Stand;1;65000;47800;17200;E-Wallet;17200;OK
ORD0420;2026-04-24 00:00:00;C160;Dewi;Bantul;Office Supplies;Marker;1;12000;8900;3100;E-Wallet;3100;OK
ORD0987;2026-04-24 00:00:00;C033;Tono;Gunungkidul;Office Supplies;Notebook;5;106200;88300;17900;E-Wallet;17900;OK
ORD0339;2026-04-24 00:00:00;C105;Vina;Yogyakarta;Office Supplies;Pen;3;22800;19800;3000;Transfer;3000;OK
ORD0891;2026-04-24 00:00:00;C122;Oki;Sleman;Electronics;Keyboard;3;450000;380500;69500;E-Wallet;69500;OK
ORD0309;2026-04-24 00:00:00;C067;Kiki;Sleman;Furniture;Lamp;1;153000;128600;24400;Transfer;24400;OK
ORD0589;2026-04-24 00:00:00;C085;Vina;Yogyakarta;Accessories;Backpack;1;280000;245400;34600;Transfer;34600;OK
ORD0985;2026-04-25 00:00:00;C084;Eka;Sleman;Furniture;Lamp;1;171000;136500;34500;E-Wallet;34500;OK
ORD0782;2026-04-25 00:00:00;C071;Gita;Yogyakarta;Electronics;Mouse;1;90000;68000;22000;Transfer;22000;OK
ORD0654;2026-04-25 00:00:00;C087;Raka;Yogyakarta;Electronics;Headset;3;540000;405900;134100;Debit Card;134100;OK
ORD0047;2026-04-25 00:00:00;C058;Dewi;Yogyakarta;Office Supplies;Marker;1;11400;9300;2100;Transfer;2100;OK
ORD0250;2026-04-25 00:00:00;C189;Lina;Gunungkidul;Electronics;Monitor;2;4400000;3604100;795900;E-Wallet;795900;OK
ORD0397;2026-04-25 00:00:00;C028;Intan;Yogyakarta;Electronics;Webcam;3;1050000;857000;193000;E-Wallet;193000;OK
ORD0453;2026-04-25 00:00:00;C149;Raka;Yogyakarta;Electronics;Keyboard;3;450000;333200;116800;Cash;116800;OK
ORD0802;2026-04-25 00:00:00;C092;Joko;Yogyakarta;Office Supplies;Notebook;2;42500;32100;10400;Debit Card;10400;OK
ORD0617;2026-04-25 00:00:00;C004;Gita;Sleman;Office Supplies;Stapler;3;90000;66400;23600;E-Wallet;23600;OK
ORD0269;2026-04-25 00:00:00;C120;Budi;Gunungkidul;Furniture;Bookshelf;3;2100000;1508200;591800;E-Wallet;591800;OK
ORD0255;2026-04-26 00:00:00;C168;Intan;Gunungkidul;Accessories;USB Cable;2;90000;65000;25000;Cash;25000;OK
ORD0520;2026-04-26 00:00:00;C049;Kiki;Bantul;Accessories;Phone Stand;5;292500;241400;51100;Transfer;51100;OK
ORD0952;2026-04-26 00:00:00;C200;Putri;Yogyakarta;Accessories;USB Cable;1;40500;29100;11400;Transfer;11400;OK
ORD0351;2026-04-26 00:00:00;C041;Kiki;Yogyakarta;Office Supplies;Marker;1;12000;8600;3400;E-Wallet;3400;OK
ORD0553;2026-04-26 00:00:00;C035;Maya;Sleman;Electronics;Headset;2;360000;314800;45200;Debit Card;45200;OK
ORD0493;2026-04-26 00:00:00;C009;Vina;Bantul;Furniture;Drawer;1;550000;419800;130200;Transfer;130200;OK
ORD0640;2026-04-26 00:00:00;C001;Joko;Yogyakarta;Electronics;Monitor;1;2200000;1570000;630000;E-Wallet;630000;OK
ORD0969;2026-04-26 00:00:00;C028;Citra;Bantul;Office Supplies;Pen;1;8000;5900;2100;Debit Card;2100;OK
ORD0755;2026-04-26 00:00:00;C151;Sari;Yogyakarta;Accessories;USB Cable;5;213800;169200;44600;E-Wallet;44600;OK
ORD0167;2026-04-27 00:00:00;C066;Dewi;Sleman;Electronics;Mouse;3;256500;205500;51000;Transfer;51000;OK
ORD0125;2026-04-27 00:00:00;C176;Tono;Bantul;Electronics;Webcam;2;630000;550600;79400;E-Wallet;79400;OK
ORD0720;2026-04-27 00:00:00;C022;Eka;Kulon Progo;Accessories;Power Bank;2;500000;418700;81300;Debit Card;81300;OK
ORD0689;2026-04-27 00:00:00;C021;Fajar;Bantul;Office Supplies;Pen;3;21600;18100;3500;E-Wallet;3500;OK
ORD0647;2026-04-27 00:00:00;C194;Budi;Yogyakarta;Accessories;Backpack;5;1400000;1229600;170400;E-Wallet;170400;OK
ORD0721;2026-04-27 00:00:00;C039;Putri;Bantul;Electronics;Keyboard;2;300000;226100;73900;Transfer;73900;OK
ORD0692;2026-04-27 00:00:00;C091;Intan;Yogyakarta;Electronics;Headset;2;360000;303700;56300;E-Wallet;56300;OK
ORD0192;2026-04-28 00:00:00;C026;Intan;Sleman;Electronics;Mouse;2;153000;118100;34900;E-Wallet;34900;OK
ORD0329;2026-04-28 00:00:00;C047;Lina;Kulon Progo;Accessories;Phone Stand;1;65000;56500;8500;Debit Card;8500;OK
ORD0060;2026-04-28 00:00:00;C012;Kiki;Sleman;Office Supplies;Marker;2;24000;18400;5600;Cash;5600;OK
ORD0530;2026-04-28 00:00:00;C137;Gita;Bantul;Accessories;Flash Drive;2;170000;124800;45200;Debit Card;45200;OK
ORD0231;2026-04-28 00:00:00;C108;Gita;Sleman;Accessories;Backpack;2;532000;419500;112500;Transfer;112500;OK
ORD0938;2026-04-28 00:00:00;C180;Intan;Yogyakarta;Office Supplies;Pen;1;8000;6000;2000;Transfer;2000;OK
ORD0691;2026-04-28 00:00:00;C151;Gita;Sleman;Accessories;USB Cable;2;90000;76200;13800;E-Wallet;13800;OK
ORD0261;2026-04-29 00:00:00;C119;Maya;Gunungkidul;Accessories;Flash Drive;3;255000;190400;64600;E-Wallet;64600;OK
ORD0766;2026-04-29 00:00:00;C074;Hadi;Yogyakarta;Accessories;USB Cable;2;90000;71700;18300;Transfer;18300;OK
ORD0237;2026-04-29 00:00:00;C003;Nanda;Gunungkidul;Office Supplies;Marker;1;11400;9800;1600;E-Wallet;1600;OK
ORD0336;2026-04-29 00:00:00;C178;Vina;Kulon Progo;Electronics;Mouse;2;171000;120000;51000;Transfer;51000;OK
ORD0272;2026-04-29 00:00:00;C175;Tono;Sleman;Electronics;Keyboard;4;570000;470300;99700;Transfer;99700;OK
ORD0369;2026-04-29 00:00:00;C083;Putri;Sleman;Accessories;Phone Stand;2;123500;103100;20400;Transfer;20400;OK
ORD0821;2026-04-30 00:00:00;C091;Vina;Bantul;Office Supplies;Notebook;2;50000;41300;8700;E-Wallet;8700;OK
ORD0249;2026-04-30 00:00:00;C058;Eka;Yogyakarta;Accessories;Flash Drive;2;153000;133200;19800;Cash;19800;OK
ORD0113;2026-04-30 00:00:00;C114;Raka;Gunungkidul;Accessories;Flash Drive;3;255000;184500;70500;E-Wallet;70500;OK
ORD0219;2026-04-30 00:00:00;C130;Andi;Yogyakarta;Office Supplies;Notebook;4;100000;86200;13800;Transfer;13800;OK
ORD0974;2026-04-30 00:00:00;C183;Andi;Yogyakarta;Electronics;Headset;1;171000;140500;30500;E-Wallet;30500;OK
ORD0950;2026-04-30 00:00:00;C169;Sari;Gunungkidul;Office Supplies;Marker;1;11400;9700;1700;Transfer;1700;OK
ORD0558;2026-05-01 00:00:00;C020;Eka;Gunungkidul;Furniture;Drawer;1;550000;451100;98900;Debit Card;98900;OK
ORD0902;2026-05-01 00:00:00;C173;Raka;Kulon Progo;Office Supplies;Marker;1;12000;8400;3600;Debit Card;3600;OK
ORD0809;2026-05-01 00:00:00;C107;Joko;Sleman;Accessories;Phone Stand;1;61800;43900;17900;Debit Card;17900;OK
ORD0639;2026-05-01 00:00:00;C004;Intan;Yogyakarta;Office Supplies;Marker;3;34200;26800;7400;Transfer;7400;OK
ORD0876;2026-05-01 00:00:00;C109;Fajar;Bantul;Accessories;Flash Drive;1;80800;67300;13500;E-Wallet;13500;OK
ORD0117;2026-05-02 00:00:00;C054;Budi;Sleman;Office Supplies;Marker;2;22800;16600;6200;Debit Card;6200;OK
ORD0061;2026-05-02 00:00:00;C186;Hadi;Yogyakarta;Electronics;Mouse;1;90000;73800;16200;E-Wallet;16200;OK
ORD0914;2026-05-02 00:00:00;C029;Kiki;Yogyakarta;Electronics;Webcam;3;1050000;755300;294700;Cash;294700;OK
ORD0748;2026-05-02 00:00:00;C017;Joko;Sleman;Accessories;Phone Stand;1;58500;47800;10700;Transfer;10700;OK
ORD0292;2026-05-02 00:00:00;C098;Lina;Sleman;Accessories;Phone Stand;1;65000;50900;14100;E-Wallet;14100;OK
ORD0588;2026-05-02 00:00:00;C110;Nanda;Yogyakarta;Office Supplies;Notebook;1;21200;18400;2800;Cash;2800;OK
ORD0706;2026-05-03 00:00:00;C132;Putri;Gunungkidul;Electronics;Headset;3;540000;453500;86500;Transfer;86500;OK
ORD0956;2026-05-03 00:00:00;C004;Andi;Sleman;Office Supplies;Notebook;3;75000;56800;18200;Transfer;18200;OK
ORD0590;2026-05-03 00:00:00;C026;Hadi;Gunungkidul;Electronics;Mouse;4;360000;261100;98900;Transfer;98900;OK
ORD0731;2026-05-03 00:00:00;C100;Lina;Sleman;Office Supplies;Marker;1;12000;8700;3300;E-Wallet;3300;OK
ORD0260;2026-05-04 00:00:00;C004;Eka;Kulon Progo;Electronics;Monitor;1;2200000;1582000;618000;Debit Card;618000;OK
ORD0214;2026-05-04 00:00:00;C063;Sari;Kulon Progo;Accessories;Power Bank;2;500000;383800;116200;Debit Card;116200;OK
ORD0503;2026-05-04 00:00:00;C159;Budi;Bantul;Furniture;Lamp;1;171000;137400;33600;Debit Card;33600;OK
ORD0408;2026-05-04 00:00:00;C048;Oki;Yogyakarta;Furniture;Bookshelf;2;1400000;1230700;169300;E-Wallet;169300;OK
ORD0737;2026-05-04 00:00:00;C104;Eka;Gunungkidul;Office Supplies;Printer Paper;1;55000;47200;7800;Debit Card;7800;OK
ORD0897;2026-05-05 00:00:00;C094;Putri;Gunungkidul;Office Supplies;Stapler;1;30000;26000;4000;E-Wallet;4000;OK
ORD0416;2026-05-05 00:00:00;C079;Citra;Gunungkidul;Electronics;Webcam;1;350000;291400;58600;Transfer;58600;OK
ORD0717;2026-05-05 00:00:00;C098;Hadi;Yogyakarta;Electronics;Keyboard;2;300000;239700;60300;E-Wallet;60300;OK
ORD0182;2026-05-05 00:00:00;C102;Dewi;Kulon Progo;Accessories;USB Cable;2;85500;61700;23800;Transfer;23800;OK
ORD0581;2026-05-05 00:00:00;C059;Kiki;Yogyakarta;Accessories;Backpack;1;266000;219300;46700;Transfer;46700;OK
ORD0421;2026-05-05 00:00:00;C061;Dewi;Sleman;Office Supplies;Stapler;1;27000;21700;5300;Transfer;5300;OK
ORD0626;2026-05-05 00:00:00;C087;Joko;Gunungkidul;Office Supplies;Printer Paper;2;110000;90600;19400;Debit Card;19400;OK
ORD0524;2026-05-05 00:00:00;C161;Vina;Yogyakarta;Accessories;Flash Drive;1;85000;65600;19400;E-Wallet;19400;OK
ORD0824;2026-05-05 00:00:00;C189;Hadi;Sleman;Office Supplies;Printer Paper;3;148500;110700;37800;Transfer;37800;OK
ORD0168;2026-05-05 00:00:00;C018;Maya;Yogyakarta;Accessories;USB Cable;2;76500;63400;13100;Transfer;13100;OK
ORD0965;2026-05-05 00:00:00;C032;Fajar;Sleman;Electronics;Monitor;1;2200000;1857500;342500;E-Wallet;342500;OK
ORD0170;2026-05-05 00:00:00;C084;Gita;Sleman;Office Supplies;Pen;1;8000;6900;1100;Transfer;1100;OK
ORD0564;2026-05-06 00:00:00;C128;Putri;Yogyakarta;Furniture;Drawer;2;1100000;966700;133300;Cash;133300;OK
ORD0568;2026-05-06 00:00:00;C075;Citra;Yogyakarta;Electronics;Mouse;2;180000;150500;29500;Debit Card;29500;OK
ORD0962;2026-05-06 00:00:00;C013;Citra;Gunungkidul;Office Supplies;Marker;1;10800;7900;2900;E-Wallet;2900;OK
ORD0398;2026-05-06 00:00:00;C107;Hadi;Gunungkidul;Electronics;Webcam;1;350000;286900;63100;Transfer;63100;OK
ORD0295;2026-05-06 00:00:00;C038;Raka;Sleman;Office Supplies;Stapler;1;30000;24300;5700;Debit Card;5700;OK
ORD0079;2026-05-06 00:00:00;C013;Raka;Yogyakarta;Office Supplies;Notebook;1;25000;21000;4000;Transfer;4000;OK
ORD0783;2026-05-06 00:00:00;C091;Vina;Bantul;Office Supplies;Stapler;2;60000;46700;13300;Transfer;13300;OK
ORD0682;2026-05-06 00:00:00;C011;Vina;Yogyakarta;Accessories;Phone Stand;3;195000;156300;38700;E-Wallet;38700;OK
ORD0512;2026-05-07 00:00:00;C129;Oki;Yogyakarta;Office Supplies;Stapler;3;76500;59300;17200;Transfer;17200;OK
ORD0533;2026-05-07 00:00:00;C095;Putri;Bantul;Furniture;Lamp;2;360000;302700;57300;Transfer;57300;OK
ORD0546;2026-05-07 00:00:00;C038;Putri;Sleman;Electronics;Mouse;1;76500;55100;21400;Transfer;21400;OK
ORD0445;2026-05-07 00:00:00;C020;Raka;Bantul;Accessories;Phone Stand;1;65000;57200;7800;E-Wallet;7800;OK
ORD0291;2026-05-07 00:00:00;C028;Fajar;Yogyakarta;Electronics;Headset;1;162000;119000;43000;E-Wallet;43000;OK
ORD0358;2026-05-08 00:00:00;C196;Oki;Yogyakarta;Furniture;Desk;1;950000;761200;188800;Cash;188800;OK
ORD0718;2026-05-08 00:00:00;C026;Hadi;Yogyakarta;Accessories;Flash Drive;3;229500;185200;44300;Transfer;44300;OK
ORD0739;2026-05-08 00:00:00;C015;Sari;Bantul;Accessories;Phone Stand;3;195000;155900;39100;E-Wallet;39100;OK
ORD0102;2026-05-08 00:00:00;C179;Lina;Yogyakarta;Accessories;Phone Stand;1;65000;46500;18500;E-Wallet;18500;OK
ORD0028;2026-05-08 00:00:00;C187;Lina;Sleman;Electronics;Webcam;1;332500;249500;83000;E-Wallet;83000;OK
ORD0696;2026-05-09 00:00:00;C105;Maya;Yogyakarta;Accessories;Phone Stand;1;61800;50900;10900;E-Wallet;10900;OK
ORD0183;2026-05-09 00:00:00;C089;Gita;Yogyakarta;Accessories;Phone Stand;3;195000;141100;53900;E-Wallet;53900;OK
ORD0232;2026-05-09 00:00:00;C193;Citra;Bantul;Accessories;USB Cable;1;45000;39500;5500;E-Wallet;5500;OK
ORD0621;2026-05-09 00:00:00;C189;Fajar;Bantul;Office Supplies;Notebook;4;90000;71100;18900;Transfer;18900;OK
ORD0599;2026-05-10 00:00:00;C199;Sari;Sleman;Office Supplies;Stapler;2;57000;48200;8800;Transfer;8800;OK
ORD0735;2026-05-10 00:00:00;C169;Fajar;Kulon Progo;Office Supplies;Pen;2;16000;12100;3900;E-Wallet;3900;OK
ORD0412;2026-05-10 00:00:00;C138;Lina;Sleman;Furniture;Lamp;1;180000;150600;29400;Transfer;29400;OK
ORD0211;2026-05-10 00:00:00;C031;Tono;Bantul;Office Supplies;Pen;1;7600;6400;1200;E-Wallet;1200;OK
ORD0949;2026-05-10 00:00:00;C090;Fajar;Yogyakarta;Accessories;Power Bank;1;212500;172300;40200;E-Wallet;40200;OK
ORD0642;2026-05-10 00:00:00;C126;Hadi;Gunungkidul;Office Supplies;Pen;2;16000;12600;3400;E-Wallet;3400;OK
ORD0154;2026-05-11 00:00:00;C153;Oki;Yogyakarta;Office Supplies;Marker;1;12000;8600;3400;E-Wallet;3400;OK
ORD0513;2026-05-11 00:00:00;C108;Eka;Bantul;Office Supplies;Marker;2;24000;20500;3500;Transfer;3500;OK
ORD0264;2026-05-11 00:00:00;C021;Putri;Gunungkidul;Furniture;Drawer;1;495000;394700;100300;E-Wallet;100300;OK
ORD0121;2026-05-11 00:00:00;C172;Lina;Yogyakarta;Office Supplies;Pen;2;16000;13400;2600;Cash;2600;OK
ORD0404;2026-05-11 00:00:00;C030;Nanda;Yogyakarta;Office Supplies;Pen;1;7200;5200;2000;Transfer;2000;OK
ORD0752;2026-05-12 00:00:00;C023;Fajar;Bantul;Office Supplies;Stapler;1;30000;25800;4200;Debit Card;4200;OK
ORD0480;2026-05-12 00:00:00;C041;Raka;Yogyakarta;Electronics;Mouse;1;90000;63400;26600;E-Wallet;26600;OK
ORD0763;2026-05-12 00:00:00;C112;Lina;Yogyakarta;Furniture;Office Chair;1;1200000;920300;279700;Transfer;279700;OK
ORD0578;2026-05-12 00:00:00;C094;Budi;Sleman;Office Supplies;Marker;1;12000;10500;1500;Transfer;1500;OK
ORD0978;2026-05-13 00:00:00;C154;Tono;Yogyakarta;Furniture;Drawer;1;550000;424800;125200;E-Wallet;125200;OK
ORD0711;2026-05-13 00:00:00;C137;Maya;Yogyakarta;Office Supplies;Marker;1;12000;8900;3100;E-Wallet;3100;OK
ORD0693;2026-05-13 00:00:00;C164;Joko;Gunungkidul;Electronics;Keyboard;2;285000;221000;64000;E-Wallet;64000;OK
ORD0410;2026-05-14 00:00:00;C144;Raka;Bantul;Office Supplies;Marker;2;24000;20300;3700;Debit Card;3700;OK
ORD0984;2026-05-14 00:00:00;C021;Joko;Bantul;Office Supplies;Marker;1;11400;8400;3000;E-Wallet;3000;OK
ORD0086;2026-05-14 00:00:00;C005;Joko;Yogyakarta;Office Supplies;Stapler;4;120000;92800;27200;E-Wallet;27200;OK
ORD0823;2026-05-14 00:00:00;C007;Oki;Yogyakarta;Office Supplies;Pen;1;8000;7000;1000;Transfer;1000;OK
ORD0441;2026-05-14 00:00:00;C095;Nanda;Sleman;Office Supplies;Stapler;4;108000;79100;28900;Transfer;28900;OK
ORD0058;2026-05-14 00:00:00;C160;Maya;Kulon Progo;Office Supplies;Notebook;1;22500;18900;3600;Transfer;3600;OK
ORD0246;2026-05-15 00:00:00;C120;Nanda;Yogyakarta;Electronics;Keyboard;1;150000;131000;19000;Cash;19000;OK
ORD0223;2026-05-15 00:00:00;C186;Tono;Kulon Progo;Office Supplies;Notebook;1;21200;15000;6200;E-Wallet;6200;OK
ORD0614;2026-05-15 00:00:00;C143;Kiki;Kulon Progo;Office Supplies;Printer Paper;1;49500;42800;6700;Transfer;6700;OK
ORD0630;2026-05-15 00:00:00;C016;Lina;Gunungkidul;Accessories;Flash Drive;1;80800;69900;10900;E-Wallet;10900;OK
ORD0761;2026-05-16 00:00:00;C053;Maya;Sleman;Accessories;Phone Stand;2;130000;95900;34100;Transfer;34100;OK
ORD0084;2026-05-16 00:00:00;C044;Maya;Sleman;Electronics;Webcam;2;630000;491300;138700;E-Wallet;138700;OK
ORD0784;2026-05-16 00:00:00;C125;Joko;Sleman;Electronics;Monitor;1;2090000;1519800;570200;Transfer;570200;OK
ORD0775;2026-05-16 00:00:00;C195;Raka;Yogyakarta;Accessories;Backpack;1;280000;224900;55100;Transfer;55100;OK
ORD0846;2026-05-16 00:00:00;C086;Citra;Bantul;Office Supplies;Stapler;2;57000;41300;15700;E-Wallet;15700;OK
ORD0354;2026-05-16 00:00:00;C112;Tono;Yogyakarta;Accessories;USB Cable;1;45000;37900;7100;Debit Card;7100;OK
ORD0009;2026-05-16 00:00:00;C081;Kiki;Yogyakarta;Electronics;Webcam;1;350000;283100;66900;Debit Card;66900;OK
ORD0439;2026-05-17 00:00:00;C077;Sari;Gunungkidul;Furniture;Drawer;2;990000;694900;295100;Debit Card;295100;OK
ORD0713;2026-05-17 00:00:00;C172;Intan;Yogyakarta;Office Supplies;Stapler;2;54000;46200;7800;E-Wallet;7800;OK
ORD0674;2026-05-18 00:00:00;C067;Budi;Bantul;Office Supplies;Pen;1;7600;5500;2100;E-Wallet;2100;OK
ORD0648;2026-05-18 00:00:00;C149;Tono;Yogyakarta;Accessories;Flash Drive;2;170000;122300;47700;E-Wallet;47700;OK
ORD0380;2026-05-18 00:00:00;C046;Maya;Sleman;Office Supplies;Notebook;4;100000;71100;28900;E-Wallet;28900;OK
ORD0753;2026-05-19 00:00:00;C142;Sari;Kulon Progo;Office Supplies;Stapler;1;25500;19000;6500;Transfer;6500;OK
ORD0672;2026-05-20 00:00:00;C103;Vina;Bantul;Office Supplies;Marker;3;36000;26400;9600;Cash;9600;OK
ORD0628;2026-05-20 00:00:00;C018;Hadi;Gunungkidul;Furniture;Drawer;1;550000;467200;82800;Cash;82800;OK
ORD0519;2026-05-20 00:00:00;C046;Eka;Sleman;Accessories;Phone Stand;5;308800;228900;79900;Debit Card;79900;OK
ORD0085;2026-05-20 00:00:00;C064;Nanda;Yogyakarta;Accessories;Flash Drive;2;170000;127100;42900;E-Wallet;42900;OK
ORD0507;2026-05-20 00:00:00;C087;Maya;Yogyakarta;Accessories;Phone Stand;1;65000;52000;13000;Transfer;13000;OK
ORD0202;2026-05-20 00:00:00;C144;Citra;Gunungkidul;Electronics;Headset;1;171000;139800;31200;E-Wallet;31200;OK
ORD0905;2026-05-21 00:00:00;C054;Intan;Sleman;Furniture;Drawer;1;550000;448100;101900;E-Wallet;101900;OK
ORD0348;2026-05-21 00:00:00;C009;Dewi;Yogyakarta;Electronics;Headset;1;180000;142800;37200;E-Wallet;37200;OK
ORD0302;2026-05-21 00:00:00;C179;Kiki;Bantul;Office Supplies;Stapler;1;28500;24400;4100;Debit Card;4100;OK
ORD0163;2026-05-21 00:00:00;C122;Tono;Sleman;Accessories;Backpack;1;280000;233900;46100;E-Wallet;46100;OK
ORD0560;2026-05-21 00:00:00;C012;Maya;Yogyakarta;Accessories;Phone Stand;1;65000;55600;9400;E-Wallet;9400;OK
ORD0724;2026-05-21 00:00:00;C183;Joko;Sleman;Office Supplies;Stapler;1;30000;25900;4100;E-Wallet;4100;OK
ORD0322;2026-05-21 00:00:00;C112;Fajar;Sleman;Accessories;Power Bank;1;237500;170900;66600;Cash;66600;OK
ORD0807;2026-05-21 00:00:00;C155;Maya;Yogyakarta;Accessories;Phone Stand;2;130000;106500;23500;E-Wallet;23500;OK
ORD0188;2026-05-21 00:00:00;C078;Budi;Sleman;Accessories;Flash Drive;2;170000;143600;26400;Transfer;26400;OK
ORD0204;2026-05-22 00:00:00;C066;Sari;Yogyakarta;Accessories;USB Cable;3;128200;101100;27100;E-Wallet;27100;OK
ORD0851;2026-05-22 00:00:00;C143;Vina;Bantul;Accessories;USB Cable;2;90000;66000;24000;Transfer;24000;OK
ORD0012;2026-05-22 00:00:00;C015;Intan;Sleman;Accessories;Flash Drive;3;242200;202800;39400;E-Wallet;39400;OK
ORD0132;2026-05-23 00:00:00;C140;Dewi;Sleman;Office Supplies;Printer Paper;1;49500;43200;6300;Cash;6300;OK
ORD0042;2026-05-24 00:00:00;C085;Putri;Yogyakarta;Electronics;Headset;1;180000;130700;49300;Transfer;49300;OK
ORD0698;2026-05-24 00:00:00;C011;Budi;Sleman;Furniture;Bookshelf;1;665000;554900;110100;Debit Card;110100;OK
ORD0963;2026-05-24 00:00:00;C164;Maya;Yogyakarta;Office Supplies;Pen;3;22800;16600;6200;E-Wallet;6200;OK
ORD0934;2026-05-24 00:00:00;C076;Putri;Sleman;Furniture;Drawer;3;1485000;1180400;304600;Debit Card;304600;OK
ORD0475;2026-05-24 00:00:00;C090;Maya;Yogyakarta;Furniture;Lamp;1;180000;140400;39600;E-Wallet;39600;OK
ORD0486;2026-05-24 00:00:00;C175;Lina;Yogyakarta;Office Supplies;Pen;1;7200;5400;1800;E-Wallet;1800;OK
ORD0608;2026-05-24 00:00:00;C078;Gita;Sleman;Office Supplies;Marker;1;11400;9300;2100;Transfer;2100;OK
ORD0860;2026-05-24 00:00:00;C064;Tono;Yogyakarta;Electronics;Webcam;2;665000;582700;82300;Debit Card;82300;OK
ORD0213;2026-05-24 00:00:00;C004;Dewi;Yogyakarta;Electronics;Mouse;3;270000;229000;41000;Cash;41000;OK
ORD0068;2026-05-25 00:00:00;C151;Oki;Yogyakarta;Accessories;Power Bank;4;1000000;737500;262500;Debit Card;262500;OK
ORD0055;2026-05-25 00:00:00;C132;Maya;Gunungkidul;Furniture;Bookshelf;2;1260000;909100;350900;E-Wallet;350900;OK
ORD0062;2026-05-25 00:00:00;C157;Vina;Yogyakarta;Furniture;Lamp;1;180000;143700;36300;E-Wallet;36300;OK
ORD0786;2026-05-25 00:00:00;C170;Gita;Yogyakarta;Furniture;Drawer;2;1100000;927400;172600;Debit Card;172600;OK
ORD0280;2026-05-25 00:00:00;C027;Fajar;Yogyakarta;Accessories;Flash Drive;1;85000;61200;23800;E-Wallet;23800;OK
ORD0240;2026-05-26 00:00:00;C047;Raka;Sleman;Office Supplies;Stapler;1;30000;24600;5400;Cash;5400;OK
ORD0126;2026-05-26 00:00:00;C017;Gita;Sleman;Office Supplies;Pen;3;22800;19800;3000;Transfer;3000;OK
ORD0584;2026-05-26 00:00:00;C070;Hadi;Gunungkidul;Electronics;Keyboard;2;300000;220400;79600;E-Wallet;79600;OK
ORD0996;2026-05-27 00:00:00;C018;Putri;Yogyakarta;Office Supplies;Marker;1;12000;9000;3000;Cash;3000;OK
ORD0976;2026-05-27 00:00:00;C147;Dewi;Yogyakarta;Accessories;Phone Stand;4;221000;163100;57900;E-Wallet;57900;OK
ORD0030;2026-05-27 00:00:00;C017;Raka;Sleman;Office Supplies;Printer Paper;2;110000;82500;27500;Cash;27500;OK
ORD0019;2026-05-27 00:00:00;C160;Lina;Bantul;Office Supplies;Stapler;1;30000;21500;8500;Transfer;8500;OK
ORD0454;2026-05-27 00:00:00;C038;Budi;Yogyakarta;Office Supplies;Marker;4;48000;37000;11000;Cash;11000;OK
ORD0243;2026-05-27 00:00:00;C154;Nanda;Yogyakarta;Accessories;Power Bank;1;250000;206600;43400;Debit Card;43400;OK
ORD0592;2026-05-27 00:00:00;C125;Sari;Bantul;Office Supplies;Notebook;1;25000;21300;3700;Transfer;3700;OK
ORD0025;2026-05-28 00:00:00;C152;Andi;Gunungkidul;Furniture;Office Chair;1;1140000;829500;310500;Debit Card;310500;OK
ORD0267;2026-05-28 00:00:00;C087;Hadi;Yogyakarta;Office Supplies;Notebook;2;50000;42400;7600;E-Wallet;7600;OK
ORD0551;2026-05-28 00:00:00;C028;Raka;Yogyakarta;Furniture;Office Chair;2;2400000;1921700;478300;Transfer;478300;OK
ORD0764;2026-05-28 00:00:00;C104;Kiki;Yogyakarta;Office Supplies;Pen;1;8000;6500;1500;Debit Card;1500;OK
ORD0817;2026-05-28 00:00:00;C024;Andi;Yogyakarta;Accessories;USB Cable;1;45000;32000;13000;Debit Card;13000;OK
ORD0473;2026-05-28 00:00:00;C044;Putri;Sleman;Accessories;USB Cable;1;42800;32700;10100;Debit Card;10100;OK
ORD0746;2026-05-28 00:00:00;C092;Intan;Bantul;Office Supplies;Notebook;1;25000;19900;5100;Transfer;5100;OK
ORD0774;2026-05-29 00:00:00;C010;Eka;Yogyakarta;Office Supplies;Marker;1;12000;8500;3500;Transfer;3500;OK
ORD0419;2026-05-29 00:00:00;C158;Kiki;Kulon Progo;Furniture;Lamp;1;180000;154200;25800;E-Wallet;25800;OK
ORD0602;2026-05-29 00:00:00;C109;Joko;Sleman;Electronics;Webcam;4;1400000;1045100;354900;Debit Card;354900;OK
ORD0228;2026-05-29 00:00:00;C012;Gita;Yogyakarta;Accessories;Phone Stand;2;130000;114100;15900;Cash;15900;OK
ORD0233;2026-05-29 00:00:00;C155;Gita;Bantul;Furniture;Office Chair;3;3420000;2818200;601800;Transfer;601800;OK
ORD0074;2026-05-29 00:00:00;C012;Eka;Sleman;Electronics;Mouse;1;90000;76300;13700;E-Wallet;13700;OK
ORD0981;2026-05-29 00:00:00;C178;Budi;Yogyakarta;Office Supplies;Pen;3;21600;16500;5100;E-Wallet;5100;OK
ORD0123;2026-05-29 00:00:00;C118;Eka;Kulon Progo;Furniture;Office Chair;2;2160000;1616100;543900;Transfer;543900;OK
ORD0461;2026-05-29 00:00:00;C116;Raka;Sleman;Electronics;Headset;1;171000;121500;49500;E-Wallet;49500;OK
ORD0688;2026-05-29 00:00:00;C090;Fajar;Gunungkidul;Accessories;Phone Stand;3;195000;155500;39500;E-Wallet;39500;OK
ORD0585;2026-05-29 00:00:00;C175;Intan;Sleman;Office Supplies;Stapler;5;135000;116400;18600;Transfer;18600;OK
ORD0119;2026-05-30 00:00:00;C036;Andi;Bantul;Office Supplies;Printer Paper;4;220000;155800;64200;Transfer;64200;OK
ORD0425;2026-05-30 00:00:00;C004;Gita;Yogyakarta;Electronics;Mouse;2;153000;132700;20300;Transfer;20300;OK
ORD0663;2026-05-30 00:00:00;C148;Putri;Yogyakarta;Accessories;Phone Stand;4;260000;213800;46200;E-Wallet;46200;OK
ORD0857;2026-05-30 00:00:00;C036;Nanda;Bantul;Accessories;Power Bank;1;225000;165500;59500;Transfer;59500;OK
ORD0901;2026-05-30 00:00:00;C115;Putri;Bantul;Office Supplies;Notebook;1;25000;21400;3600;Transfer;3600;OK
ORD0953;2026-05-30 00:00:00;C047;Maya;Sleman;Accessories;Flash Drive;3;216800;170200;46600;E-Wallet;46600;OK
ORD0481;2026-05-30 00:00:00;C003;Kiki;Kulon Progo;Accessories;Phone Stand;3;195000;167000;28000;Cash;28000;OK
ORD0924;2026-05-30 00:00:00;C128;Gita;Sleman;Office Supplies;Pen;1;8000;5800;2200;E-Wallet;2200;OK
ORD0723;2026-05-30 00:00:00;C140;Gita;Sleman;Office Supplies;Marker;1;12000;10000;2000;Transfer;2000;OK
ORD0919;2026-05-31 00:00:00;C096;Sari;Sleman;Accessories;Phone Stand;4;234000;176700;57300;E-Wallet;57300;OK
ORD0676;2026-05-31 00:00:00;C166;Fajar;Yogyakarta;Office Supplies;Stapler;1;30000;25500;4500;Debit Card;4500;OK
ORD0072;2026-05-31 00:00:00;C118;Kiki;Yogyakarta;Office Supplies;Notebook;2;50000;43300;6700;Transfer;6700;OK
ORD0205;2026-05-31 00:00:00;C055;Sari;Gunungkidul;Office Supplies;Notebook;1;25000;18300;6700;E-Wallet;6700;OK
ORD0548;2026-05-31 00:00:00;C107;Kiki;Yogyakarta;Accessories;Phone Stand;4;221000;186200;34800;Transfer;34800;OK
ORD0937;2026-05-31 00:00:00;C077;Joko;Sleman;Accessories;Flash Drive;2;170000;139600;30400;E-Wallet;30400;OK
ORD0383;2026-05-31 00:00:00;C047;Vina;Yogyakarta;Furniture;Lamp;2;360000;303900;56100;E-Wallet;56100;OK
ORD0760;2026-05-31 00:00:00;C163;Kiki;Gunungkidul;Accessories;Power Bank;1;250000;188400;61600;Debit Card;61600;OK
ORD0310;2026-06-01 00:00:00;C163;Oki;Bantul;Electronics;Monitor;1;2200000;1617400;582600;Cash;582600;OK
ORD0567;2026-06-01 00:00:00;C029;Fajar;Yogyakarta;Accessories;Phone Stand;3;185200;158100;27100;E-Wallet;27100;OK
ORD0222;2026-06-01 00:00:00;C133;Raka;Yogyakarta;Electronics;Mouse;1;85500;74100;11400;Transfer;11400;OK
ORD0866;2026-06-01 00:00:00;C083;Oki;Sleman;Office Supplies;Pen;1;8000;6400;1600;E-Wallet;1600;OK
ORD0049;2026-06-01 00:00:00;C012;Eka;Gunungkidul;Accessories;Flash Drive;1;85000;62900;22100;Transfer;22100;OK
ORD0669;2026-06-01 00:00:00;C068;Citra;Gunungkidul;Electronics;Keyboard;2;300000;217200;82800;E-Wallet;82800;OK
ORD0825;2026-06-01 00:00:00;C132;Eka;Yogyakarta;Accessories;Phone Stand;1;65000;57100;7900;Debit Card;7900;OK
ORD0446;2026-06-01 00:00:00;C109;Sari;Sleman;Furniture;Bookshelf;1;665000;561300;103700;Cash;103700;OK
ORD0458;2026-06-01 00:00:00;C073;Joko;Sleman;Electronics;Webcam;4;1400000;1105600;294400;Debit Card;294400;OK
ORD0529;2026-06-01 00:00:00;C146;Eka;Sleman;Accessories;Flash Drive;1;85000;65600;19400;Transfer;19400;OK
ORD0982;2026-06-02 00:00:00;C139;Joko;Bantul;Furniture;Lamp;1;180000;129000;51000;E-Wallet;51000;OK
ORD0736;2026-06-02 00:00:00;C076;Citra;Yogyakarta;Office Supplies;Marker;1;10800;8300;2500;Debit Card;2500;OK
ORD0063;2026-06-02 00:00:00;C109;Sari;Sleman;Electronics;Mouse;4;360000;279100;80900;E-Wallet;80900;OK
ORD0333;2026-06-02 00:00:00;C057;Gita;Kulon Progo;Office Supplies;Notebook;1;25000;20500;4500;E-Wallet;4500;OK
ORD0331;2026-06-02 00:00:00;C065;Fajar;Gunungkidul;Office Supplies;Notebook;4;100000;75000;25000;E-Wallet;25000;OK
ORD0067;2026-06-03 00:00:00;C123;Citra;Sleman;Office Supplies;Marker;2;24000;20600;3400;E-Wallet;3400;OK
ORD0382;2026-06-03 00:00:00;C043;Raka;Gunungkidul;Office Supplies;Pen;1;8000;6000;2000;Transfer;2000;OK
ORD0697;2026-06-03 00:00:00;C035;Joko;Sleman;Accessories;Backpack;1;280000;221500;58500;Cash;58500;OK
ORD0120;2026-06-03 00:00:00;C040;Intan;Sleman;Electronics;Webcam;3;945000;669100;275900;Debit Card;275900;OK
ORD0101;2026-06-03 00:00:00;C025;Vina;Yogyakarta;Office Supplies;Notebook;2;50000;36900;13100;Debit Card;13100;OK
ORD0142;2026-06-04 00:00:00;C133;Gita;Kulon Progo;Accessories;Backpack;3;798000;604500;193500;Debit Card;193500;OK
ORD0604;2026-06-04 00:00:00;C019;Eka;Sleman;Office Supplies;Printer Paper;2;110000;90600;19400;E-Wallet;19400;OK
ORD0457;2026-06-04 00:00:00;C184;Putri;Yogyakarta;Accessories;Flash Drive;1;85000;60600;24400;Transfer;24400;OK
ORD0093;2026-06-04 00:00:00;C185;Fajar;Kulon Progo;Office Supplies;Notebook;1;23800;18300;5500;E-Wallet;5500;OK
ORD0073;2026-06-04 00:00:00;C061;Sari;Bantul;Electronics;Webcam;2;700000;505800;194200;E-Wallet;194200;OK
ORD0780;2026-06-04 00:00:00;C033;Hadi;Bantul;Furniture;Lamp;1;180000;139500;40500;Debit Card;40500;OK
ORD0297;2026-06-04 00:00:00;C192;Kiki;Yogyakarta;Electronics;Keyboard;2;255000;206800;48200;Transfer;48200;OK
ORD0541;2026-06-04 00:00:00;C068;Intan;Kulon Progo;Electronics;Mouse;1;85500;65400;20100;E-Wallet;20100;OK
ORD0321;2026-06-05 00:00:00;C107;Andi;Yogyakarta;Office Supplies;Pen;1;7200;6200;1000;E-Wallet;1000;OK
ORD0679;2026-06-05 00:00:00;C169;Maya;Sleman;Accessories;USB Cable;1;45000;38400;6600;E-Wallet;6600;OK
ORD0447;2026-06-05 00:00:00;C119;Putri;Kulon Progo;Office Supplies;Printer Paper;4;209000;161700;47300;Transfer;47300;OK
ORD0390;2026-06-06 00:00:00;C092;Joko;Yogyakarta;Electronics;Keyboard;1;135000;116100;18900;Transfer;18900;OK
ORD0417;2026-06-06 00:00:00;C146;Maya;Sleman;Electronics;Mouse;2;180000;129300;50700;Debit Card;50700;OK
ORD0535;2026-06-06 00:00:00;C083;Citra;Yogyakarta;Office Supplies;Stapler;1;28500;24700;3800;Debit Card;3800;OK
ORD0335;2026-06-06 00:00:00;C156;Budi;Yogyakarta;Accessories;USB Cable;1;45000;37100;7900;Transfer;7900;OK
ORD0145;2026-06-07 00:00:00;C063;Intan;Yogyakarta;Office Supplies;Notebook;1;22500;19300;3200;E-Wallet;3200;OK
ORD0997;2026-06-07 00:00:00;C051;Dewi;Yogyakarta;Office Supplies;Marker;5;60000;49100;10900;Transfer;10900;OK
ORD0002;2026-06-07 00:00:00;C058;Andi;Yogyakarta;Electronics;Monitor;2;4400000;3300200;1099800;Transfer;1099800;OK
ORD0522;2026-06-07 00:00:00;C079;Maya;Gunungkidul;Electronics;Webcam;2;595000;475200;119800;Transfer;119800;OK
ORD0179;2026-06-07 00:00:00;C026;Raka;Sleman;Furniture;Lamp;2;306000;248700;57300;Debit Card;57300;OK
ORD0742;2026-06-07 00:00:00;C184;Gita;Kulon Progo;Office Supplies;Pen;1;8000;6300;1700;Transfer;1700;OK
ORD0646;2026-06-07 00:00:00;C062;Nanda;Bantul;Office Supplies;Stapler;1;30000;21800;8200;Transfer;8200;OK
ORD0023;2026-06-08 00:00:00;C007;Citra;Gunungkidul;Accessories;Power Bank;2;475000;400100;74900;Transfer;74900;OK
ORD0958;2026-06-08 00:00:00;C044;Sari;Bantul;Office Supplies;Pen;2;16000;13000;3000;Debit Card;3000;OK
ORD0576;2026-06-08 00:00:00;C014;Fajar;Yogyakarta;Office Supplies;Notebook;1;25000;19700;5300;Cash;5300;OK
ORD0634;2026-06-08 00:00:00;C140;Lina;Yogyakarta;Accessories;Flash Drive;1;72200;52600;19600;E-Wallet;19600;OK
ORD0841;2026-06-08 00:00:00;C023;Intan;Yogyakarta;Office Supplies;Marker;1;12000;8700;3300;Debit Card;3300;OK
ORD0900;2026-06-08 00:00:00;C036;Vina;Yogyakarta;Accessories;Flash Drive;3;229500;193900;35600;Debit Card;35600;OK
ORD0319;2026-06-08 00:00:00;C098;Sari;Yogyakarta;Electronics;Headset;4;684000;552500;131500;Debit Card;131500;OK
ORD0495;2026-06-08 00:00:00;C095;Tono;Bantul;Office Supplies;Pen;2;16000;13600;2400;Transfer;2400;OK
ORD0212;2026-06-08 00:00:00;C083;Intan;Bantul;Accessories;USB Cable;1;45000;31500;13500;E-Wallet;13500;OK
ORD0793;2026-06-09 00:00:00;C070;Fajar;Kulon Progo;Electronics;Mouse;2;180000;128100;51900;Cash;51900;OK
ORD0402;2026-06-09 00:00:00;C025;Putri;Bantul;Electronics;Mouse;1;85500;65600;19900;Debit Card;19900;OK
ORD0899;2026-06-09 00:00:00;C181;Maya;Gunungkidul;Office Supplies;Marker;1;12000;9300;2700;E-Wallet;2700;OK
ORD0575;2026-06-09 00:00:00;C013;Vina;Gunungkidul;Accessories;Flash Drive;1;80800;65400;15400;Cash;15400;OK
ORD0675;2026-06-09 00:00:00;C178;Budi;Bantul;Furniture;Bookshelf;2;1400000;1186200;213800;Transfer;213800;OK
ORD0217;2026-06-09 00:00:00;C188;Citra;Sleman;Accessories;Power Bank;2;500000;434200;65800;Transfer;65800;OK
ORD0868;2026-06-09 00:00:00;C194;Maya;Sleman;Office Supplies;Printer Paper;2;104500;78100;26400;Transfer;26400;OK
ORD0910;2026-06-09 00:00:00;C069;Hadi;Bantul;Office Supplies;Marker;3;36000;30400;5600;E-Wallet;5600;OK
ORD0767;2026-06-10 00:00:00;C030;Tono;Gunungkidul;Office Supplies;Stapler;2;57000;41600;15400;Transfer;15400;OK
ORD0913;2026-06-10 00:00:00;C085;Citra;Yogyakarta;Electronics;Mouse;4;342000;273200;68800;Debit Card;68800;OK
ORD0921;2026-06-10 00:00:00;C016;Vina;Gunungkidul;Accessories;USB Cable;1;42800;35700;7100;Cash;7100;OK
ORD0032;2026-06-10 00:00:00;C025;Sari;Yogyakarta;Accessories;Flash Drive;3;255000;206700;48300;E-Wallet;48300;OK
ORD0743;2026-06-10 00:00:00;C019;Raka;Gunungkidul;Office Supplies;Pen;3;21600;17400;4200;E-Wallet;4200;OK
ORD0805;2026-06-10 00:00:00;C081;Dewi;Yogyakarta;Office Supplies;Stapler;1;30000;23400;6600;E-Wallet;6600;OK
ORD0238;2026-06-11 00:00:00;C159;Tono;Sleman;Office Supplies;Printer Paper;2;104500;80600;23900;E-Wallet;23900;OK
ORD0366;2026-06-11 00:00:00;C059;Dewi;Sleman;Accessories;USB Cable;1;42800;32900;9900;Transfer;9900;OK
ORD0555;2026-06-11 00:00:00;C183;Hadi;Yogyakarta;Accessories;USB Cable;4;171000;144900;26100;E-Wallet;26100;OK
ORD0580;2026-06-11 00:00:00;C110;Fajar;Yogyakarta;Electronics;Headset;2;360000;298600;61400;Debit Card;61400;OK
ORD0471;2026-06-11 00:00:00;C020;Eka;Yogyakarta;Accessories;Phone Stand;1;58500;44300;14200;E-Wallet;14200;OK
ORD0968;2026-06-12 00:00:00;C146;Kiki;Yogyakarta;Electronics;Headset;2;342000;270500;71500;E-Wallet;71500;OK
ORD0954;2026-06-12 00:00:00;C101;Tono;Yogyakarta;Office Supplies;Pen;3;24000;17100;6900;Debit Card;6900;OK
ORD0048;2026-06-13 00:00:00;C152;Intan;Yogyakarta;Office Supplies;Marker;3;34200;25100;9100;Debit Card;9100;OK
ORD0776;2026-06-13 00:00:00;C056;Nanda;Sleman;Accessories;Phone Stand;1;55200;44700;10500;E-Wallet;10500;OK
ORD0829;2026-06-13 00:00:00;C008;Oki;Yogyakarta;Electronics;Mouse;5;450000;350700;99300;E-Wallet;99300;OK
ORD0194;2026-06-13 00:00:00;C069;Sari;Yogyakarta;Accessories;Power Bank;1;237500;204900;32600;E-Wallet;32600;OK
ORD0059;2026-06-13 00:00:00;C185;Vina;Sleman;Office Supplies;Notebook;1;22500;16100;6400;Transfer;6400;OK
ORD0385;2026-06-13 00:00:00;C174;Maya;Gunungkidul;Office Supplies;Notebook;1;22500;18200;4300;E-Wallet;4300;OK
ORD0644;2026-06-13 00:00:00;C086;Raka;Kulon Progo;Accessories;Phone Stand;1;65000;52700;12300;Debit Card;12300;OK
ORD0964;2026-06-14 00:00:00;C183;Putri;Sleman;Office Supplies;Marker;1;10800;8500;2300;E-Wallet;2300;OK
ORD0677;2026-06-14 00:00:00;C022;Andi;Kulon Progo;Accessories;USB Cable;1;42800;31200;11600;Debit Card;11600;OK
ORD0355;2026-06-14 00:00:00;C024;Oki;Sleman;Furniture;Desk;1;950000;675100;274900;Debit Card;274900;OK
ORD0843;2026-06-14 00:00:00;C074;Intan;Kulon Progo;Office Supplies;Pen;1;8000;6000;2000;E-Wallet;2000;OK
ORD0847;2026-06-14 00:00:00;C035;Vina;Yogyakarta;Accessories;Power Bank;3;750000;603800;146200;Transfer;146200;OK
ORD0636;2026-06-15 00:00:00;C071;Andi;Yogyakarta;Office Supplies;Pen;2;14400;12400;2000;Debit Card;2000;OK
ORD0637;2026-06-15 00:00:00;C182;Tono;Yogyakarta;Accessories;USB Cable;4;180000;132500;47500;E-Wallet;47500;OK
ORD0091;2026-06-15 00:00:00;C153;Oki;Sleman;Accessories;Power Bank;1;250000;199200;50800;E-Wallet;50800;OK
ORD0523;2026-06-15 00:00:00;C007;Joko;Sleman;Accessories;Flash Drive;1;80800;62100;18700;Transfer;18700;OK
ORD0442;2026-06-15 00:00:00;C156;Citra;Gunungkidul;Accessories;Flash Drive;4;323000;268000;55000;Transfer;55000;OK
ORD0427;2026-06-15 00:00:00;C066;Maya;Sleman;Office Supplies;Printer Paper;2;99000;72800;26200;Transfer;26200;OK
ORD0586;2026-06-15 00:00:00;C113;Raka;Gunungkidul;Furniture;Lamp;3;540000;394800;145200;E-Wallet;145200;OK
ORD0253;2026-06-16 00:00:00;C168;Oki;Sleman;Furniture;Desk;1;855000;681600;173400;E-Wallet;173400;OK
ORD0733;2026-06-16 00:00:00;C115;Eka;Bantul;Electronics;Webcam;2;700000;494400;205600;Cash;205600;OK
ORD0656;2026-06-16 00:00:00;C081;Gita;Gunungkidul;Furniture;Lamp;1;171000;127900;43100;Debit Card;43100;OK
ORD0281;2026-06-17 00:00:00;C084;Putri;Sleman;Furniture;Lamp;5;900000;713900;186100;E-Wallet;186100;OK
ORD0861;2026-06-17 00:00:00;C171;Oki;Sleman;Office Supplies;Stapler;3;76500;56400;20100;Debit Card;20100;OK
ORD0158;2026-06-17 00:00:00;C002;Andi;Yogyakarta;Electronics;Monitor;2;4180000;3149900;1030100;Transfer;1030100;OK
ORD0428;2026-06-17 00:00:00;C008;Vina;Sleman;Furniture;Lamp;4;684000;528900;155100;E-Wallet;155100;OK
ORD0745;2026-06-17 00:00:00;C021;Citra;Yogyakarta;Furniture;Drawer;1;550000;430100;119900;Cash;119900;OK
ORD0209;2026-06-18 00:00:00;C117;Maya;Kulon Progo;Electronics;Monitor;3;5940000;4887700;1052300;E-Wallet;1052300;OK
ORD0403;2026-06-18 00:00:00;C118;Tono;Sleman;Office Supplies;Marker;2;24000;17300;6700;Debit Card;6700;OK
ORD0538;2026-06-18 00:00:00;C172;Raka;Gunungkidul;Accessories;Flash Drive;1;85000;74100;10900;E-Wallet;10900;OK
ORD0596;2026-06-18 00:00:00;C058;Citra;Gunungkidul;Accessories;USB Cable;2;85500;68300;17200;Transfer;17200;OK
ORD0935;2026-06-18 00:00:00;C121;Andi;Bantul;Accessories;Flash Drive;1;76500;59500;17000;Transfer;17000;OK
ORD0842;2026-06-18 00:00:00;C200;Budi;Yogyakarta;Furniture;Drawer;1;550000;457900;92100;E-Wallet;92100;OK
ORD0027;2026-06-18 00:00:00;C033;Dewi;Yogyakarta;Electronics;Webcam;2;665000;507200;157800;Transfer;157800;OK
ORD0347;2026-06-19 00:00:00;C055;Budi;Yogyakarta;Office Supplies;Notebook;2;45000;39200;5800;Debit Card;5800;OK
ORD0641;2026-06-19 00:00:00;C190;Raka;Bantul;Office Supplies;Notebook;1;25000;19400;5600;Transfer;5600;OK
ORD0298;2026-06-19 00:00:00;C170;Eka;Gunungkidul;Office Supplies;Notebook;1;25000;19800;5200;E-Wallet;5200;OK
ORD0598;2026-06-19 00:00:00;C056;Lina;Sleman;Accessories;Power Bank;1;250000;211100;38900;Transfer;38900;OK
ORD0583;2026-06-19 00:00:00;C151;Sari;Gunungkidul;Electronics;Mouse;1;85500;64700;20800;Transfer;20800;OK
ORD0054;2026-06-19 00:00:00;C005;Budi;Sleman;Office Supplies;Marker;1;12000;9000;3000;Transfer;3000;OK
ORD0127;2026-06-20 00:00:00;C039;Lina;Yogyakarta;Office Supplies;Notebook;2;50000;36000;14000;E-Wallet;14000;OK
ORD0903;2026-06-20 00:00:00;C168;Raka;Kulon Progo;Accessories;Backpack;1;280000;213400;66600;E-Wallet;66600;OK
ORD0787;2026-06-20 00:00:00;C182;Budi;Yogyakarta;Accessories;USB Cable;2;85500;71100;14400;E-Wallet;14400;OK
ORD0476;2026-06-20 00:00:00;C045;Gita;Yogyakarta;Accessories;Phone Stand;2;130000;102600;27400;Debit Card;27400;OK
ORD0855;2026-06-21 00:00:00;C182;Vina;Sleman;Office Supplies;Pen;1;7600;6600;1000;E-Wallet;1000;OK
ORD0328;2026-06-21 00:00:00;C054;Hadi;Sleman;Accessories;Phone Stand;1;61800;43500;18300;E-Wallet;18300;OK
ORD0661;2026-06-21 00:00:00;C071;Budi;Sleman;Office Supplies;Printer Paper;3;165000;128300;36700;E-Wallet;36700;OK
ORD0200;2026-06-21 00:00:00;C035;Raka;Bantul;Office Supplies;Stapler;1;30000;22800;7200;Debit Card;7200;OK
ORD0758;2026-06-21 00:00:00;C070;Nanda;Yogyakarta;Office Supplies;Printer Paper;1;55000;38800;16200;E-Wallet;16200;OK
ORD0571;2026-06-21 00:00:00;C042;Kiki;Yogyakarta;Furniture;Drawer;3;1402500;1179200;223300;Transfer;223300;OK
ORD0035;2026-06-22 00:00:00;C144;Hadi;Yogyakarta;Accessories;Phone Stand;4;260000;205300;54700;E-Wallet;54700;OK
ORD0534;2026-06-22 00:00:00;C197;Eka;Kulon Progo;Office Supplies;Printer Paper;1;52200;40600;11600;Debit Card;11600;OK
ORD0547;2026-06-22 00:00:00;C183;Lina;Yogyakarta;Office Supplies;Stapler;5;150000;113800;36200;Cash;36200;OK
ORD0414;2026-06-22 00:00:00;C013;Nanda;Kulon Progo;Office Supplies;Stapler;2;57000;47900;9100;Transfer;9100;OK
ORD0185;2026-06-23 00:00:00;C048;Hadi;Sleman;Electronics;Mouse;2;171000;131400;39600;Debit Card;39600;OK
ORD0429;2026-06-23 00:00:00;C045;Gita;Bantul;Furniture;Bookshelf;4;2660000;2222900;437100;Cash;437100;OK
ORD0245;2026-06-23 00:00:00;C152;Vina;Bantul;Office Supplies;Pen;1;7600;5600;2000;Transfer;2000;OK
ORD0728;2026-06-23 00:00:00;C143;Putri;Kulon Progo;Accessories;Flash Drive;1;80800;61100;19700;Transfer;19700;OK
ORD0426;2026-06-23 00:00:00;C178;Vina;Yogyakarta;Furniture;Desk;1;902500;720600;181900;Debit Card;181900;OK
ORD0489;2026-06-24 00:00:00;C014;Putri;Gunungkidul;Electronics;Headset;1;180000;156800;23200;Debit Card;23200;OK
ORD0033;2026-06-24 00:00:00;C127;Budi;Gunungkidul;Accessories;Power Bank;4;1000000;842400;157600;Transfer;157600;OK
ORD0399;2026-06-24 00:00:00;C098;Sari;Kulon Progo;Office Supplies;Pen;1;8000;6000;2000;Transfer;2000;OK
ORD0469;2026-06-24 00:00:00;C145;Maya;Yogyakarta;Accessories;USB Cable;1;40500;29900;10600;Debit Card;10600;OK
ORD0870;2026-06-24 00:00:00;C070;Raka;Yogyakarta;Office Supplies;Pen;1;8000;6600;1400;E-Wallet;1400;OK
ORD0820;2026-06-24 00:00:00;C160;Joko;Yogyakarta;Office Supplies;Stapler;1;28500;24000;4500;Debit Card;4500;OK
ORD0490;2026-06-24 00:00:00;C106;Tono;Sleman;Electronics;Mouse;2;180000;147600;32400;E-Wallet;32400;OK
ORD0034;2026-06-25 00:00:00;C026;Joko;Sleman;Accessories;Phone Stand;2;123500;93100;30400;Debit Card;30400;OK
ORD0155;2026-06-25 00:00:00;C088;Budi;Sleman;Office Supplies;Printer Paper;2;110000;85700;24300;Transfer;24300;OK
ORD0542;2026-06-25 00:00:00;C013;Maya;Yogyakarta;Electronics;Headset;4;684000;512200;171800;E-Wallet;171800;OK
ORD0795;2026-06-25 00:00:00;C113;Raka;Kulon Progo;Electronics;Keyboard;1;150000;106300;43700;Transfer;43700;OK
ORD0705;2026-06-25 00:00:00;C099;Andi;Bantul;Electronics;Monitor;1;2200000;1863400;336600;E-Wallet;336600;OK
ORD0572;2026-06-25 00:00:00;C116;Citra;Kulon Progo;Furniture;Office Chair;2;2400000;1850900;549100;Cash;549100;OK
ORD0772;2026-06-25 00:00:00;C163;Kiki;Sleman;Office Supplies;Marker;2;24000;21000;3000;Debit Card;3000;OK
ORD0195;2026-06-25 00:00:00;C199;Citra;Yogyakarta;Accessories;USB Cable;3;135000;116500;18500;Transfer;18500;OK
ORD0811;2026-06-25 00:00:00;C106;Fajar;Sleman;Furniture;Office Chair;1;1200000;899300;300700;Debit Card;300700;OK
ORD0565;2026-06-26 00:00:00;C007;Dewi;Bantul;Office Supplies;Notebook;2;45000;32700;12300;E-Wallet;12300;OK
ORD0643;2026-06-26 00:00:00;C185;Putri;Bantul;Office Supplies;Notebook;5;125000;98700;26300;Debit Card;26300;OK
ORD0915;2026-06-26 00:00:00;C185;Raka;Kulon Progo;Office Supplies;Printer Paper;1;55000;45900;9100;E-Wallet;9100;OK
ORD0845;2026-06-26 00:00:00;C170;Hadi;Gunungkidul;Office Supplies;Stapler;1;27000;20100;6900;Debit Card;6900;OK
ORD0686;2026-06-26 00:00:00;C189;Eka;Gunungkidul;Furniture;Lamp;1;162000;132700;29300;Debit Card;29300;OK
ORD0709;2026-06-26 00:00:00;C075;Putri;Kulon Progo;Accessories;Backpack;1;280000;214800;65200;Transfer;65200;OK
ORD0400;2026-06-26 00:00:00;C128;Gita;Sleman;Accessories;Phone Stand;2;130000;111700;18300;Cash;18300;OK
ORD0853;2026-06-26 00:00:00;C049;Kiki;Bantul;Electronics;Keyboard;3;450000;352200;97800;Transfer;97800;OK
ORD0790;2026-06-27 00:00:00;C161;Hadi;Gunungkidul;Electronics;Keyboard;2;300000;231900;68100;E-Wallet;68100;OK
ORD0161;2026-06-27 00:00:00;C062;Vina;Bantul;Electronics;Mouse;2;171000;123700;47300;Transfer;47300;OK
ORD0088;2026-06-27 00:00:00;C137;Kiki;Yogyakarta;Office Supplies;Pen;1;7200;5300;1900;E-Wallet;1900;OK
ORD0662;2026-06-28 00:00:00;C142;Eka;Gunungkidul;Electronics;Headset;1;171000;128400;42600;E-Wallet;42600;OK
ORD0045;2026-06-28 00:00:00;C067;Lina;Kulon Progo;Accessories;Power Bank;2;475000;407000;68000;Debit Card;68000;OK
ORD0157;2026-06-28 00:00:00;C076;Raka;Yogyakarta;Accessories;USB Cable;4;162000;121400;40600;Cash;40600;OK
ORD0613;2026-06-29 00:00:00;C071;Tono;Kulon Progo;Office Supplies;Stapler;2;60000;51600;8400;Transfer;8400;OK
ORD0230;2026-06-29 00:00:00;C151;Oki;Kulon Progo;Furniture;Lamp;2;342000;294300;47700;Debit Card;47700;OK
ORD0920;2026-06-29 00:00:00;C161;Eka;Sleman;Electronics;Mouse;3;270000;205100;64900;E-Wallet;64900;OK
ORD0754;2026-06-30 00:00:00;C039;Kiki;Bantul;Office Supplies;Marker;4;45600;35700;9900;E-Wallet;9900;OK
ORD0605;2026-06-30 00:00:00;C042;Andi;Yogyakarta;Office Supplies;Pen;2;16000;12300;3700;Transfer;3700;OK
ORD0907;2026-06-30 00:00:00;C081;Tono;Yogyakarta;Accessories;Backpack;1;280000;216700;63300;Debit Card;63300;OK
ORD0771;2026-06-30 00:00:00;C025;Sari;Gunungkidul;Accessories;Flash Drive;1;85000;68800;16200;E-Wallet;16200;OK
